IniciativasXVI (2).Custom.1,IniAutorOutros.sigla,IniciativasXVI (2).IniciativasXVI (3) more than once.Custom,IniEventos.DataFase,IniId,IniDescTipo,VotadaOuNao
A,A,Solo,2024-06-27,263875,Proposta de Lei,Não Votada
A,A,Solo,2024-07-25,273968,Proposta de Lei,Votada
A,A,Solo,2024-12-16,314431,Proposta de Lei,Não Votada
A,A,Solo,2025-01-15,314571,Proposta de Lei,Votada
BE,G,Solo,2024-03-26,263497,Projeto de Resolução,Votada
BE,G,Solo,2024-03-26,263498,Projeto de Resolução,Votada
BE,G,Solo,2024-03-26,263501,Projeto de Resolução,Votada
BE,G,Solo,2024-03-26,263502,Projeto de Resolução,Votada
BE,G,Solo,2024-03-26,263503,Projeto de Resolução,Votada
BE,G,Solo,2024-03-26,263504,Projeto de Resolução,Votada
BE,G,Solo,2024-03-26,263506,Projeto de Lei,Não Votada
BE,G,Solo,2024-03-26,263507,Projeto de Lei,Não Votada
BE,G,Solo,2024-03-26,263508,Projeto de Lei,Não Votada
BE,G,Solo,2024-03-26,263509,Projeto de Lei,Não Votada
BE,G,Solo,2024-03-26,263510,Projeto de Lei,Não Votada
BE,G,Solo,2024-03-26,263511,Projeto de Lei,Não Votada
BE,G,Solo,2024-03-26,263512,Projeto de Lei,Não Votada
BE,G,Solo,2024-03-27,263522,Inquérito Parlamentar,Votada
BE,G,Solo,2024-04-08,263551,Projeto de Resolução,Não Votada
BE,G,Solo,2024-04-09,263554,Projeto de Lei,Não Votada
BE,G,Solo,2024-04-09,263555,Projeto de Resolução,Não Votada
BE,G,Solo,2024-04-09,263556,Projeto de Resolução,Não Votada
BE,G,Solo,2024-04-12,263561,Projeto de Resolução,Votada
BE,G,Solo,2024-04-12,263562,Projeto de Resolução,Não Votada
BE,G,Solo,2024-04-12,263566,Projeto de Resolução,Não Votada
BE,G,Solo,2024-04-12,263568,Projeto de Lei,Votada
BE,G,Solo,2024-04-12,263569,Projeto de Lei,Votada
BE,G,Solo,2024-04-15,263580,Projeto de Resolução,Não Votada
BE,G,Solo,2024-04-15,263583,Projeto de Resolução,Não Votada
BE,G,Solo,2024-04-16,263591,Projeto de Lei,Não Votada
BE,G,Solo,2024-04-16,263592,Projeto de Resolução,Votada
BE,G,Solo,2024-04-22,263606,Projeto de Lei,Votada
BE,G,Solo,2024-04-22,263607,Projeto de Lei,Votada
BE,G,Solo,2024-04-22,263611,Projeto de Resolução,Não Votada
BE,G,Solo,2024-04-22,263612,Projeto de Lei,Não Votada
BE,G,Solo,2024-04-26,263627,Projeto de Lei,Votada
BE,G,Solo,2024-05-03,263649,Projeto de Lei,Não Votada
BE,G,Solo,2024-05-03,263659,Projeto de Lei,Votada
BE,G,Solo,2024-05-03,263660,Projeto de Lei,Votada
BE,G,Solo,2024-05-08,263678,Projeto de Lei,Votada
BE,G,Solo,2024-05-08,263679,Projeto de Lei,Votada
BE,G,Solo,2024-05-08,263680,Projeto de Lei,Não Votada
BE,G,Solo,2024-05-08,263682,Projeto de Resolução,Não Votada
BE,G,Solo,2024-05-08,263683,Projeto de Resolução,Não Votada
BE,G,Solo,2024-05-08,263686,Projeto de Lei,Votada
BE,G,Solo,2024-05-08,263687,Projeto de Resolução,Não Votada
BE,G,Solo,2024-05-08,263688,Projeto de Resolução,Votada
BE,G,Solo,2024-05-08,263689,Projeto de Lei,Votada
BE,G,Solo,2024-05-08,263690,Projeto de Lei,Votada
BE,G,Solo,2024-05-08,263691,Projeto de Lei,Não Votada
BE,G,Solo,2024-05-08,263692,Projeto de Lei,Votada
BE,G,Solo,2024-05-08,263693,Projeto de Resolução,Votada
BE,G,Solo,2024-05-10,263712,Projeto de Resolução,Votada
BE,G,Solo,2024-05-10,263716,Projeto de Resolução,Votada
BE,G,Solo,2024-05-10,263717,Projeto de Resolução,Votada
BE,G,Solo,2024-05-10,263720,Projeto de Resolução,Votada
BE,G,Solo,2024-05-10,263722,Projeto de Lei,Votada
BE,G,Solo,2024-05-10,263723,Projeto de Lei,Votada
BE,G,Solo,2024-05-10,263724,Projeto de Resolução,Votada
BE,G,Solo,2024-05-10,263725,Projeto de Resolução,Não Votada
BE,G,Solo,2024-05-17,263742,Projeto de Lei,Votada
BE,G,Solo,2024-05-17,263758,Projeto de Lei,Votada
BE,G,Solo,2024-05-22,263765,Inquérito Parlamentar,Não Votada
BE,G,Solo,2024-05-23,263767,Projeto de Resolução,Não Votada
BE,G,Solo,2024-05-24,263771,Projeto de Lei,Votada
BE,G,Solo,2024-05-24,263774,Projeto de Resolução,Votada
BE,G,Solo,2024-05-24,263780,Projeto de Resolução,Votada
BE,G,Solo,2024-05-29,263787,Projeto de Lei,Não Votada
BE,G,Solo,2024-05-31,263791,Projeto de Resolução,Votada
BE,G,Solo,2024-05-31,263793,Projeto de Resolução,Votada
BE,G,Solo,2024-05-31,263795,Projeto de Resolução,Votada
BE,G,Solo,2024-06-04,263812,Projeto de Lei,Votada
BE,G,Solo,2024-06-04,263813,Projeto de Lei,Votada
BE,G,Solo,2024-06-04,263814,Projeto de Lei,Votada
BE,G,Solo,2024-06-06,263820,Projeto de Resolução,Votada
BE,G,Solo,2024-06-07,263828,Projeto de Lei,Votada
BE,G,Solo,2024-06-14,263843,Projeto de Resolução,Votada
BE,G,Solo,2024-06-14,263844,Projeto de Lei,Votada
BE,G,Solo,2024-06-14,263845,Projeto de Lei,Não Votada
BE,G,Solo,2024-06-14,263846,Projeto de Lei,Votada
BE,G,Solo,2024-06-21,263860,Projeto de Resolução,Não Votada
BE,G,Solo,2024-06-21,263861,Projeto de Lei,Votada
BE,G,Solo,2024-06-28,263886,Projeto de Resolução,Votada
BE,G,Solo,2024-06-28,263887,Projeto de Resolução,Votada
BE,G,Solo,2024-06-28,263888,Projeto de Resolução,Votada
BE,G,Solo,2024-07-08,273910,Projeto de Lei,Votada
BE,G,Solo,2024-07-10,273916,Projeto de Lei,Votada
BE,G,Solo,2024-07-17,273946,Projeto de Lei,Não Votada
BE,G,Solo,2024-07-17,273947,Projeto de Lei,Não Votada
BE,G,Solo,2024-07-19,273958,Projeto de Resolução,Não Votada
BE,G,Solo,2024-07-24,273966,Projeto de Lei,Votada
BE,G,Solo,2024-07-25,273969,Projeto de Lei,Não Votada
BE,G,Solo,2024-07-25,273973,Projeto de Resolução,Votada
BE,G,Solo,2024-07-25,273974,Projeto de Resolução,Votada
BE,G,Solo,2024-08-06,283991,Projeto de Lei,Não Votada
BE,G,Solo,2024-08-28,284003,Projeto de Resolução,Votada
BE,G,Solo,2024-09-03,284009,Projeto de Lei,Votada
BE,G,Solo,2024-09-06,284015,Projeto de Lei,Não Votada
BE,G,Solo,2024-09-13,284066,Projeto de Resolução,Votada
BE,G,Solo,2024-09-13,284068,Projeto de Lei,Votada
BE,G,Solo,2024-09-13,284069,Projeto de Resolução,Votada
BE,G,Solo,2024-09-13,284070,Projeto de Resolução,Votada
BE,G,Solo,2024-09-13,284071,Projeto de Resolução,Votada
BE,G,Solo,2024-09-20,284092,Projeto de Lei,Votada
BE,G,Solo,2024-09-20,284093,Projeto de Lei,Votada
BE,G,Solo,2024-09-27,294121,Projeto de Lei,Votada
BE,G,Solo,2024-09-27,294122,Projeto de Lei,Votada
BE,G,Solo,2024-09-27,294132,Projeto de Resolução,Votada
BE,G,Solo,2024-09-30,304143,Projeto de Resolução,Não Votada
BE,G,Solo,2024-10-01,304147,Projeto de Resolução,Votada
BE,G,Solo,2024-10-01,304148,Projeto de Lei,Votada
BE,G,Solo,2024-10-01,304149,Projeto de Lei,Não Votada
BE,G,Solo,2024-10-04,304183,Projeto de Resolução,Votada
BE,G,Solo,2024-10-04,304184,Projeto de Resolução,Votada
BE,G,Solo,2024-10-04,304185,Projeto de Resolução,Votada
BE,G,Solo,2024-10-04,304186,Projeto de Resolução,Votada
BE,G,Solo,2024-10-04,304211,Projeto de Resolução,Votada
BE,G,Solo,2024-10-04,304212,Projeto de Resolução,Votada
BE,G,Solo,2024-10-04,304213,Projeto de Resolução,Votada
BE,G,Solo,2024-10-08,304217,Projeto de Resolução,Não Votada
BE,G,Solo,2024-10-08,304218,Projeto de Lei,Não Votada
BE,G,Solo,2024-10-09,304229,Projeto de Resolução,Votada
BE,G,Solo,2024-10-09,304230,Projeto de Resolução,Votada
BE,G,Solo,2024-10-11,304241,Projeto de Lei,Votada
BE,G,Solo,2024-10-11,304242,Projeto de Lei,Não Votada
BE,G,Solo,2024-10-16,304265,Projeto de Lei,Não Votada
BE,G,Solo,2024-10-16,304266,Projeto de Resolução,Votada
BE,G,Solo,2024-10-18,304276,Projeto de Lei,Não Votada
BE,G,Solo,2024-10-31,304307,Projeto de Deliberação,Não Votada
BE,G,Solo,2024-11-07,304315,Projeto de Resolução,Votada
BE,G,Solo,2024-11-13,304326,Projeto de Resolução,Votada
BE,G,Solo,2024-11-22,304333,Projeto de Resolução,Votada
BE,G,Solo,2024-11-22,304335,Projeto de Resolução,Não Votada
BE,G,Solo,2024-11-22,304336,Projeto de Resolução,Não Votada
BE,G,Solo,2024-11-22,304337,Projeto de Resolução,Não Votada
BE,G,Solo,2024-11-22,304339,Projeto de Lei,Votada
BE,G,Solo,2024-11-22,304340,Projeto de Lei,Não Votada
BE,G,Solo,2024-12-06,304390,Projeto de Lei,Votada
BE,G,Solo,2024-12-06,304391,Projeto de Resolução,Votada
BE,G,Solo,2024-12-06,304392,Projeto de Lei,Votada
BE,G,Solo,2024-12-20,314440,Projeto de Resolução,Votada
BE,G,Solo,2024-12-21,314445,Projeto de Lei,Não Votada
BE,G,Solo,2024-12-23,314447,Projeto de Lei,Não Votada
BE,G,Solo,2024-12-23,314448,Projeto de Lei,Votada
BE,G,Solo,2024-12-23,314449,Projeto de Lei,Votada
BE,G,Solo,2024-12-23,314450,Projeto de Resolução,Não Votada
BE,G,Solo,2024-12-30,314454,Projeto de Resolução,Não Votada
BE,G,Solo,2025-01-03,314464,Projeto de Resolução,Votada
BE,G,Solo,2025-01-06,314484,Projeto de Lei,Não Votada
BE,G,Solo,2025-01-07,314485,Projeto de Resolução,Votada
BE,G,Solo,2025-01-07,314486,Projeto de Resolução,Votada
BE,G,Solo,2025-01-10,314490,Projeto de Resolução,Votada
BE,G,Solo,2025-01-10,314496,Projeto de Resolução,Votada
BE,G,Solo,2025-01-10,314497,Projeto de Lei,Votada
BE,G,Solo,2025-01-10,314498,Projeto de Resolução,Votada
BE,G,Solo,2025-01-10,314500,Projeto de Lei,Votada
BE,G,Solo,2025-01-10,314502,Projeto de Resolução,Votada
BE,G,Solo,2025-01-10,314503,Projeto de Resolução,Votada
BE,G,Solo,2025-01-10,314505,Projeto de Resolução,Votada
BE,G,Solo,2025-01-10,314506,Projeto de Resolução,Votada
BE,G,Solo,2025-01-17,314581,Projeto de Resolução,Votada
BE,G,Solo,2025-01-22,314608,Projeto de Lei,Não Votada
BE,G,Solo,2025-01-22,314609,Projeto de Lei,Não Votada
BE,G,Solo,2025-01-24,314617,Projeto de Lei,Votada
BE,G,Solo,2025-01-24,314620,Projeto de Lei,Não Votada
BE,G,Solo,2025-01-24,314633,Projeto de Resolução,Votada
BE,G,Solo,2025-01-24,314634,Projeto de Lei,Votada
BE,G,Solo,2025-01-24,314649,Projeto de Resolução,Votada
BE,G,Solo,2025-01-24,314650,Projeto de Resolução,Votada
BE,G,Solo,2025-01-31,314683,Projeto de Lei,Não Votada
BE,G,Solo,2025-01-31,314684,Projeto de Lei,Não Votada
BE,G,Solo,2025-02-06,314721,Projeto de Resolução,Votada
BE,G,Solo,2025-02-07,314777,Projeto de Lei,Votada
BE,G,Solo,2025-02-07,314778,Projeto de Lei,Votada
BE,G,Solo,2025-02-07,314779,Projeto de Resolução,Votada
BE,G,Solo,2025-02-07,314780,Projeto de Resolução,Votada
BE,G,Solo,2025-02-07,314781,Projeto de Resolução,Votada
BE,G,Solo,2025-02-07,314782,Projeto de Lei,Votada
BE,G,Solo,2025-02-10,314798,Projeto de Resolução,Não Votada
BE,G,Solo,2025-02-10,314800,Projeto de Lei,Não Votada
BE,G,Solo,2025-02-10,314801,Projeto de Lei,Não Votada
BE,G,Solo,2025-02-10,314802,Projeto de Resolução,Votada
BE,G,Solo,2025-02-13,314831,Projeto de Lei,Não Votada
BE,G,Solo,2025-02-21,314851,Projeto de Resolução,Não Votada
BE,G,Solo,2025-02-21,314856,Projeto de Lei,Não Votada
BE,G,Solo,2025-02-21,314858,Projeto de Resolução,Votada
BE,G,Solo,2025-02-21,314863,Projeto de Resolução,Votada
BE,G,Solo,2025-02-21,314877,Projeto de Resolução,Votada
BE,G,Solo,2025-02-21,314886,Projeto de Lei,Não Votada
BE,G,Solo,2025-02-21,314887,Projeto de Resolução,Não Votada
BE,G,Solo,2025-02-21,314888,Projeto de Lei,Não Votada
BE,G,Solo,2025-03-04,314948,Projeto de Lei,Não Votada
BE,G,Solo,2025-03-06,314954,Projeto de Resolução,Votada
BE,G,Solo,2025-03-07,314966,Projeto de Resolução,Votada
BE,G,Solo,2025-03-12,315004,Projeto de Resolução,Não Votada
BE,G,Solo,2025-03-12,315016,Projeto de Resolução,Não Votada
BE,G,Solo,2025-03-12,315017,Projeto de Resolução,Não Votada
C,C,Solo,2024-09-26,294115,Projeto de Resolução,Votada
CDS-PP,G,Solo,2024-04-26,263619,Projeto de Deliberação,Votada
CDS-PP,G,Solo,2024-09-10,284022,Projeto de Resolução,Votada
CDS-PP,G,Solo,2024-09-18,284088,Projeto de Resolução,Votada
CDS-PP,G,Solo,2024-09-25,294112,Projeto de Resolução,Votada
CDS-PP,G,Solo,2024-09-27,294127,Projeto de Resolução,Não Votada
CDS-PP,G,Solo,2024-10-04,304195,Projeto de Resolução,Votada
CDS-PP,G,Solo,2024-10-04,304196,Projeto de Resolução,Votada
CDS-PP,G,Solo,2024-10-10,304238,Projeto de Resolução,Votada
CDS-PP,G,Solo,2024-10-11,304243,Projeto de Resolução,Votada
CDS-PP,G,Solo,2024-11-11,304318,Projeto de Resolução,Votada
CDS-PP,G,Solo,2024-11-22,304348,Projeto de Resolução,Votada
CDS-PP,G,Solo,2024-11-22,304349,Projeto de Resolução,Votada
CDS-PP,G,Solo,2024-12-06,304385,Projeto de Resolução,Votada
CDS-PP,G,Solo,2025-01-03,314463,Projeto de Resolução,Votada
CDS-PP,G,Solo,2025-01-03,314472,Projeto de Lei,Votada
CDS-PP,G,Solo,2025-01-10,314543,Projeto de Resolução,Votada
CDS-PP,G,Solo,2025-01-10,314545,Projeto de Resolução,Votada
CDS-PP,G,Solo,2025-01-10,314546,Projeto de Resolução,Votada
CDS-PP,G,Solo,2025-01-10,314547,Projeto de Resolução,Votada
CDS-PP,G,Solo,2025-01-10,314548,Projeto de Resolução,Não Votada
CDS-PP,G,Solo,2025-01-10,314549,Projeto de Resolução,Votada
CDS-PP,G,Solo,2025-01-10,314551,Projeto de Resolução,Votada
CDS-PP,G,Solo,2025-01-10,314552,Projeto de Resolução,Votada
CDS-PP,G,Solo,2025-01-10,314553,Projeto de Resolução,Votada
CDS-PP,G,Solo,2025-01-16,314572,Projeto de Resolução,Votada
CDS-PP,G,Solo,2025-01-16,314573,Projeto de Resolução,Votada
CDS-PP,G,Solo,2025-01-17,314594,Projeto de Resolução,Votada
CDS-PP,G,Solo,2025-01-21,314605,Projeto de Resolução,Votada
CDS-PP,G,Solo,2025-01-24,314644,Projeto de Resolução,Não Votada
CDS-PP,G,Solo,2025-01-24,314646,Projeto de Resolução,Votada
CDS-PP,G,Solo,2025-01-24,314653,Projeto de Lei,Não Votada
CDS-PP,G,Solo,2025-01-30,314679,Projeto de Resolução,Não Votada
CDS-PP,G,Solo,2025-02-06,314722,Projeto de Resolução,Não Votada
CDS-PP,G,Solo,2025-02-06,314729,Projeto de Resolução,Votada
CDS-PP,G,Solo,2025-02-06,314730,Projeto de Resolução,Não Votada
CDS-PP,G,Solo,2025-02-07,314783,Projeto de Resolução,Votada
CDS-PP,G,Solo,2025-02-07,314784,Projeto de Resolução,Votada
CDS-PP,G,Solo,2025-02-27,314911,Projeto de Resolução,Não Votada
CDS-PP,G,Solo,2025-02-28,314923,Projeto de Resolução,Não Votada
CDS-PP,G,Solo,2025-02-28,314925,Projeto de Resolução,Não Votada
CDS-PP,G,Solo,2025-03-07,314971,Projeto de Resolução,Não Votada
CDS-PP,G,Solo,2025-03-07,314972,Projeto de Resolução,Não Votada
CDS-PP,G,Solo,2025-03-10,314982,Projeto de Resolução,Não Votada
CDS-PP,G,Solo,2025-03-10,314983,Projeto de Resolução,Não Votada
CDS-PP,G,Solo,2025-03-10,314984,Projeto de Resolução,Não Votada
CDS-PP,G,Solo,2025-03-10,314985,Projeto de Resolução,Não Votada
CDS-PP,G,Solo,2025-03-10,314986,Projeto de Resolução,Não Votada
CDS-PP,G,Solo,2025-03-10,314987,Projeto de Resolução,Não Votada
CDS-PP,G,Solo,2025-03-10,314988,Projeto de Resolução,Não Votada
CDS-PP,G,Solo,2025-03-10,314989,Projeto de Resolução,Não Votada
CDS-PP,G,Solo,2025-03-10,314990,Projeto de Resolução,Não Votada
CDS-PP,G,Solo,2025-03-10,314991,Projeto de Resolução,Não Votada
CDS-PP,G,Solo,2025-03-10,314992,Projeto de Resolução,Não Votada
CDS-PP,G,Solo,2025-03-10,314993,Projeto de Resolução,Não Votada
CDS-PP,G,Solo,2025-03-10,314994,Projeto de Resolução,Não Votada
CDS-PP,G,Solo,2025-03-10,314995,Projeto de Resolução,Não Votada
CDS-PP,G,Solo,2025-03-10,314996,Projeto de Resolução,Não Votada
CH,G,Solo,2024-04-10,263557,Inquérito Parlamentar,Não Votada
CH,G,Solo,2024-04-12,263560,Projeto de Resolução,Votada
CH,G,Solo,2024-04-15,263570,Projeto de Resolução,Não Votada
CH,G,Solo,2024-04-15,263571,Projeto de Resolução,Votada
CH,G,Solo,2024-04-15,263587,Projeto de Resolução,Votada
CH,G,Solo,2024-04-22,263604,Projeto de Lei,Votada
CH,G,Solo,2024-04-26,263635,Projeto de Resolução,Votada
CH,G,Solo,2024-05-02,263645,Projeto de Lei,Não Votada
CH,G,Solo,2024-05-03,263647,Projeto de Resolução,Não Votada
CH,G,Solo,2024-05-03,263656,Projeto de Lei,Votada
CH,G,Solo,2024-05-03,263657,Projeto de Lei,Votada
CH,G,Solo,2024-05-06,263661,Projeto de Resolução,Votada
CH,G,Solo,2024-05-06,263662,Projeto de Resolução,Votada
CH,G,Solo,2024-05-06,263663,Projeto de Lei,Votada
CH,G,Solo,2024-05-08,263704,Projeto de Lei,Votada
CH,G,Solo,2024-05-08,263705,Projeto de Lei,Não Votada
CH,G,Solo,2024-05-08,263706,Projeto de Lei,Não Votada
CH,G,Solo,2024-05-15,263730,Projeto de Resolução,Não Votada
CH,G,Solo,2024-05-16,263731,Projeto de Resolução,Não Votada
CH,G,Solo,2024-05-16,263732,Inquérito Parlamentar,Votada
CH,G,Solo,2024-05-17,263748,Projeto de Lei,Votada
CH,G,Solo,2024-05-17,263753,Projeto de Lei,Votada
CH,G,Solo,2024-05-20,263763,Projeto de Resolução,Não Votada
CH,G,Solo,2024-05-23,263766,Projeto de Resolução,Votada
CH,G,Solo,2024-05-24,263772,Projeto de Resolução,Votada
CH,G,Solo,2024-05-24,263773,Projeto de Resolução,Não Votada
CH,G,Solo,2024-05-24,263775,Projeto de Resolução,Votada
CH,G,Solo,2024-05-24,263776,Projeto de Resolução,Votada
CH,G,Solo,2024-05-24,263781,Projeto de Lei,Votada
CH,G,Solo,2024-05-29,263784,Projeto de Resolução,Votada
CH,G,Solo,2024-05-31,263794,Projeto de Resolução,Votada
CH,G,Solo,2024-06-03,263804,Projeto de Lei,Votada
CH,G,Solo,2024-06-07,263830,Projeto de Lei,Votada
CH,G,Solo,2024-06-21,263864,Projeto de Resolução,Não Votada
CH,G,Solo,2024-06-21,263865,Projeto de Resolução,Votada
CH,G,Solo,2024-06-24,263867,Projeto de Resolução,Votada
CH,G,Solo,2024-06-24,263868,Projeto de Resolução,Votada
CH,G,Solo,2024-06-24,263869,Projeto de Resolução,Votada
CH,G,Solo,2024-06-24,263870,Projeto de Lei,Votada
CH,G,Solo,2024-06-24,263871,Projeto de Lei,Votada
CH,G,Solo,2024-06-24,263872,Projeto de Lei,Votada
CH,G,Solo,2024-06-27,263874,Projeto de Resolução,Não Votada
CH,G,Solo,2024-06-28,263876,Projeto de Resolução,Votada
CH,G,Solo,2024-06-28,263885,Projeto de Resolução,Votada
CH,G,Solo,2024-06-28,263889,Projeto de Resolução,Não Votada
CH,G,Solo,2024-07-01,263891,Projeto de Resolução,Votada
CH,G,Solo,2024-07-01,263892,Projeto de Resolução,Não Votada
CH,G,Solo,2024-07-01,273891,Projeto de Resolução,Não Votada
CH,G,Solo,2024-07-01,273892,Projeto de Resolução,Votada
CH,G,Solo,2024-07-01,273893,Projeto de Resolução,Não Votada
CH,G,Solo,2024-07-01,273894,Projeto de Resolução,Não Votada
CH,G,Solo,2024-07-09,273912,Projeto de Lei,Não Votada
CH,G,Solo,2024-07-09,273915,Projeto de Lei,Não Votada
CH,G,Solo,2024-07-11,273920,Projeto de Resolução,Votada
CH,G,Solo,2024-07-12,273927,Projeto de Lei,Votada
CH,G,Solo,2024-07-12,273928,Projeto de Resolução,Não Votada
CH,G,Solo,2024-07-12,273929,Projeto de Resolução,Não Votada
CH,G,Solo,2024-07-12,273930,Projeto de Resolução,Não Votada
CH,G,Solo,2024-07-12,273931,Projeto de Resolução,Não Votada
CH,G,Solo,2024-07-12,273932,Projeto de Resolução,Votada
CH,G,Solo,2024-07-12,273935,Projeto de Resolução,Votada
CH,G,Solo,2024-07-12,273938,Projeto de Resolução,Não Votada
CH,G,Solo,2024-07-15,273940,Projeto de Resolução,Não Votada
CH,G,Solo,2024-07-15,273941,Projeto de Resolução,Não Votada
CH,G,Solo,2024-07-23,273960,Projeto de Resolução,Não Votada
CH,G,Solo,2024-07-26,273975,Projeto de Resolução,Não Votada
CH,G,Solo,2024-07-29,283977,Projeto de Resolução,Votada
CH,G,Solo,2024-08-02,283982,Projeto de Resolução,Votada
CH,G,Solo,2024-08-02,283985,Projeto de Resolução,Votada
CH,G,Solo,2024-08-06,283990,Projeto de Resolução,Não Votada
CH,G,Solo,2024-08-12,283995,Projeto de Resolução,Votada
CH,G,Solo,2024-08-28,284004,Projeto de Resolução,Votada
CH,G,Solo,2024-08-30,284006,Projeto de Lei,Não Votada
CH,G,Solo,2024-09-02,284007,Projeto de Resolução,Não Votada
CH,G,Solo,2024-09-09,284016,Projeto de Resolução,Votada
CH,G,Solo,2024-09-10,284021,Projeto de Resolução,Não Votada
CH,G,Solo,2024-09-13,284037,Projeto de Resolução,Votada
CH,G,Solo,2024-09-13,284041,Projeto de Lei,Votada
CH,G,Solo,2024-09-13,284043,Projeto de Lei,Votada
CH,G,Solo,2024-09-13,284067,Projeto de Lei,Votada
CH,G,Solo,2024-09-16,284078,Projeto de Resolução,Votada
CH,G,Solo,2024-09-17,284080,Projeto de Resolução,Votada
CH,G,Solo,2024-09-17,284081,Projeto de Lei,Votada
CH,G,Solo,2024-09-17,284082,Projeto de Lei,Não Votada
CH,G,Solo,2024-09-18,284087,Projeto de Lei,Não Votada
CH,G,Solo,2024-09-23,284095,Projeto de Resolução,Votada
CH,G,Solo,2024-09-23,284096,Projeto de Resolução,Votada
CH,G,Solo,2024-09-24,284097,Projeto de Lei,Não Votada
CH,G,Solo,2024-09-25,294108,Projeto de Resolução,Não Votada
CH,G,Solo,2024-09-25,294109,Projeto de Resolução,Votada
CH,G,Solo,2024-09-25,294110,Projeto de Resolução,Votada
CH,G,Solo,2024-09-25,294111,Projeto de Resolução,Votada
CH,G,Solo,2024-09-27,294148,Projeto de Lei,Votada
CH,G,Solo,2024-10-01,304144,Projeto de Lei,Votada
CH,G,Solo,2024-10-01,304157,Projeto de Lei,Votada
CH,G,Solo,2024-10-02,304161,Projeto de Resolução,Votada
CH,G,Solo,2024-10-04,304180,Projeto de Lei,Votada
CH,G,Solo,2024-10-04,304197,Projeto de Lei,Votada
CH,G,Solo,2024-10-08,304219,Projeto de Resolução,Não Votada
CH,G,Solo,2024-10-08,304220,Projeto de Lei,Não Votada
CH,G,Solo,2024-10-09,304226,Projeto de Lei,Votada
CH,G,Solo,2024-10-10,304235,Projeto de Resolução,Não Votada
CH,G,Solo,2024-10-16,304262,Projeto de Resolução,Votada
CH,G,Solo,2024-10-16,304264,Projeto de Resolução,Votada
CH,G,Solo,2024-10-16,304267,Projeto de Resolução,Não Votada
CH,G,Solo,2024-10-17,304269,Projeto de Resolução,Votada
CH,G,Solo,2024-10-17,304270,Projeto de Resolução,Votada
CH,G,Solo,2024-10-18,304277,Projeto de Resolução,Não Votada
CH,G,Solo,2024-10-21,304278,Projeto de Resolução,Não Votada
CH,G,Solo,2024-10-21,304280,Projeto de Resolução,Não Votada
CH,G,Solo,2024-10-21,304281,Projeto de Resolução,Votada
CH,G,Solo,2024-10-21,304282,Projeto de Resolução,Não Votada
CH,G,Solo,2024-10-21,304283,Projeto de Resolução,Não Votada
CH,G,Solo,2024-10-21,304284,Projeto de Resolução,Não Votada
CH,G,Solo,2024-10-21,304285,Projeto de Resolução,Não Votada
CH,G,Solo,2024-10-21,304286,Projeto de Lei,Votada
CH,G,Solo,2024-10-21,304287,Projeto de Resolução,Votada
CH,G,Solo,2024-10-22,304290,Projeto de Resolução,Não Votada
CH,G,Solo,2024-10-28,304301,Projeto de Resolução,Não Votada
CH,G,Solo,2024-10-28,304303,Projeto de Resolução,Votada
CH,G,Solo,2024-11-22,304334,Projeto de Lei,Votada
CH,G,Solo,2024-11-22,304351,Projeto de Lei,Votada
CH,G,Solo,2024-12-03,304367,Projeto de Lei,Votada
CH,G,Solo,2024-12-03,304368,Projeto de Resolução,Votada
CH,G,Solo,2024-12-04,304377,Projeto de Resolução,Não Votada
CH,G,Solo,2024-12-05,304378,Projeto de Resolução,Votada
CH,G,Solo,2024-12-05,304381,Projeto de Resolução,Não Votada
CH,G,Solo,2024-12-06,314392,Projeto de Lei,Votada
CH,G,Solo,2024-12-06,314393,Projeto de Lei,Votada
CH,G,Solo,2024-12-09,314399,Projeto de Resolução,Votada
CH,G,Solo,2024-12-09,314400,Projeto de Resolução,Votada
CH,G,Solo,2024-12-09,314401,Projeto de Lei,Votada
CH,G,Solo,2024-12-09,314402,Projeto de Lei,Votada
CH,G,Solo,2024-12-12,314416,Projeto de Resolução,Votada
CH,G,Solo,2024-12-13,314417,Projeto de Lei,Votada
CH,G,Solo,2024-12-13,314426,Projeto de Lei,Votada
CH,G,Solo,2024-12-23,314446,Projeto de Resolução,Não Votada
CH,G,Solo,2024-12-30,314451,Projeto de Resolução,Não Votada
CH,G,Solo,2024-12-30,314452,Projeto de Resolução,Votada
CH,G,Solo,2024-12-30,314453,Projeto de Lei,Votada
CH,G,Solo,2024-12-30,314455,Projeto de Resolução,Votada
CH,G,Solo,2025-01-03,314462,Projeto de Resolução,Votada
CH,G,Solo,2025-01-03,314478,Projeto de Resolução,Votada
CH,G,Solo,2025-01-03,314479,Projeto de Resolução,Votada
CH,G,Solo,2025-01-03,314480,Projeto de Lei,Votada
CH,G,Solo,2025-01-10,314533,Projeto de Lei,Votada
CH,G,Solo,2025-01-10,314542,Projeto de Lei,Votada
CH,G,Solo,2025-01-10,314550,Projeto de Lei,Votada
CH,G,Solo,2025-01-10,314554,Projeto de Lei,Votada
CH,G,Solo,2025-01-10,314557,Projeto de Lei,Votada
CH,G,Solo,2025-01-10,314558,Projeto de Lei,Votada
CH,G,Solo,2025-01-13,314561,Projeto de Resolução,Não Votada
CH,G,Solo,2025-01-15,314570,Projeto de Resolução,Votada
CH,G,Solo,2025-01-20,314599,Projeto de Resolução,Não Votada
CH,G,Solo,2025-01-21,314606,Projeto de Lei,Não Votada
CH,G,Solo,2025-01-21,314607,Projeto de Resolução,Não Votada
CH,G,Solo,2025-01-23,314615,Projeto de Resolução,Não Votada
CH,G,Solo,2025-01-24,314621,Projeto de Lei,Votada
CH,G,Solo,2025-01-24,314622,Projeto de Resolução,Não Votada
CH,G,Solo,2025-01-24,314648,Projeto de Lei,Não Votada
CH,G,Solo,2025-01-24,314652,Projeto de Lei,Votada
CH,G,Solo,2025-01-24,314654,Projeto de Lei,Votada
CH,G,Solo,2025-01-27,314656,Projeto de Resolução,Não Votada
CH,G,Solo,2025-01-27,314657,Projeto de Resolução,Não Votada
CH,G,Solo,2025-01-29,314670,Projeto de Resolução,Votada
CH,G,Solo,2025-01-29,314671,Projeto de Lei,Não Votada
CH,G,Solo,2025-01-29,314672,Projeto de Lei,Não Votada
CH,G,Solo,2025-01-29,314673,Projeto de Lei,Não Votada
CH,G,Solo,2025-01-29,314675,Projeto de Resolução,Votada
CH,G,Solo,2025-01-31,314682,Projeto de Resolução,Não Votada
CH,G,Solo,2025-02-03,314695,Projeto de Resolução,Não Votada
CH,G,Solo,2025-02-03,314696,Projeto de Resolução,Votada
CH,G,Solo,2025-02-03,314697,Projeto de Resolução,Não Votada
CH,G,Solo,2025-02-05,314712,Projeto de Resolução,Não Votada
CH,G,Solo,2025-02-05,314713,Projeto de Resolução,Votada
CH,G,Solo,2025-02-05,314714,Projeto de Resolução,Não Votada
CH,G,Solo,2025-02-06,314716,Projeto de Resolução,Não Votada
CH,G,Solo,2025-02-07,314739,Projeto de Resolução,Votada
CH,G,Solo,2025-02-07,314740,Projeto de Resolução,Votada
CH,G,Solo,2025-02-07,314741,Projeto de Resolução,Votada
CH,G,Solo,2025-02-07,314744,Projeto de Lei,Votada
CH,G,Solo,2025-02-07,314745,Projeto de Resolução,Votada
CH,G,Solo,2025-02-07,314746,Projeto de Lei,Votada
CH,G,Solo,2025-02-07,314747,Projeto de Resolução,Não Votada
CH,G,Solo,2025-02-10,314790,Projeto de Resolução,Não Votada
CH,G,Solo,2025-02-10,314791,Projeto de Resolução,Votada
CH,G,Solo,2025-02-10,314792,Projeto de Resolução,Votada
CH,G,Solo,2025-02-10,314793,Projeto de Resolução,Não Votada
CH,G,Solo,2025-02-10,314794,Projeto de Resolução,Não Votada
CH,G,Solo,2025-02-10,314795,Projeto de Resolução,Não Votada
CH,G,Solo,2025-02-10,314796,Projeto de Resolução,Não Votada
CH,G,Solo,2025-02-10,314797,Projeto de Resolução,Não Votada
CH,G,Solo,2025-02-10,314799,Projeto de Lei,Não Votada
CH,G,Solo,2025-02-11,314812,Projeto de Resolução,Não Votada
CH,G,Solo,2025-02-11,314813,Projeto de Resolução,Não Votada
CH,G,Solo,2025-02-11,314814,Projeto de Resolução,Não Votada
CH,G,Solo,2025-02-12,314818,Projeto de Resolução,Votada
CH,G,Solo,2025-02-12,314819,Projeto de Resolução,Votada
CH,G,Solo,2025-02-12,314820,Projeto de Resolução,Não Votada
CH,G,Solo,2025-02-12,314821,Projeto de Resolução,Não Votada
CH,G,Solo,2025-02-12,314822,Projeto de Resolução,Não Votada
CH,G,Solo,2025-02-12,314823,Projeto de Resolução,Não Votada
CH,G,Solo,2025-02-12,314824,Projeto de Resolução,Não Votada
CH,G,Solo,2025-02-14,314832,Projeto de Resolução,Votada
CH,G,Solo,2025-02-19,314846,Projeto de Resolução,Votada
CH,G,Solo,2025-02-21,314853,Projeto de Resolução,Não Votada
CH,G,Solo,2025-02-21,314889,Projeto de Resolução,Não Votada
CH,G,Solo,2025-02-21,314890,Projeto de Lei,Não Votada
CH,G,Solo,2025-02-21,314891,Projeto de Lei,Votada
CH,G,Solo,2025-02-21,314892,Projeto de Lei,Não Votada
CH,G,Solo,2025-02-28,314912,Projeto de Resolução,Não Votada
CH,G,Solo,2025-03-03,314930,Projeto de Lei,Não Votada
CH,G,Solo,2025-03-03,314933,Projeto de Resolução,Não Votada
CH,G,Solo,2025-03-03,314934,Projeto de Resolução,Não Votada
CH,G,Solo,2025-03-03,314935,Projeto de Resolução,Não Votada
CH,G,Solo,2025-03-03,314936,Projeto de Resolução,Não Votada
CH,G,Solo,2025-03-03,314937,Projeto de Resolução,Não Votada
CH,G,Solo,2025-03-03,314938,Projeto de Resolução,Não Votada
CH,G,Solo,2025-03-03,314939,Projeto de Lei,Não Votada
"CH, PS, PSD, CDS-PP",G,Iniciativa Cojunta,2025-03-11,315003,Projeto de Resolução,Votada
D,D,Solo,2025-01-02,314458,Apreciação Parlamentar,Votada
D,D,Solo,2025-02-07,314749,Projeto de Resolução,Não Votada
D,D,Solo,2025-03-12,315018,Projeto de Resolução,Votada
D,D,Solo,2025-03-12,315019,Projeto de Resolução,Votada
D,D,Solo,2025-03-12,315020,Projeto de Lei,Votada
D,D,Solo,2025-03-12,315021,Projeto de Lei,Votada
IL,G,Solo,2024-03-26,263515,Projeto de Resolução,Não Votada
IL,G,Solo,2024-03-26,263516,Projeto de Resolução,Não Votada
IL,G,Solo,2024-03-26,263517,Projeto de Resolução,Votada
IL,G,Solo,2024-03-26,263518,Projeto de Resolução,Votada
IL,G,Solo,2024-03-26,263519,Projeto de Lei,Votada
IL,G,Solo,2024-03-26,263520,Projeto de Lei,Votada
IL,G,Solo,2024-03-26,263521,Projeto de Lei,Votada
IL,G,Solo,2024-03-27,263523,Projeto de Lei,Não Votada
IL,G,Solo,2024-03-27,263524,Projeto de Lei,Votada
IL,G,Solo,2024-03-27,263525,Projeto de Lei,Votada
IL,G,Solo,2024-03-27,263526,Projeto de Lei,Não Votada
IL,G,Solo,2024-03-27,263527,Projeto de Lei,Não Votada
IL,G,Solo,2024-03-27,263528,Projeto de Lei,Não Votada
IL,G,Solo,2024-03-27,263529,Projeto de Lei,Não Votada
IL,G,Solo,2024-03-27,263530,Projeto de Lei,Não Votada
IL,G,Solo,2024-03-27,263531,Projeto de Lei,Votada
IL,G,Solo,2024-03-27,263532,Projeto de Lei,Votada
IL,G,Solo,2024-03-27,263533,Projeto de Lei,Votada
IL,G,Solo,2024-03-27,263534,Projeto de Lei,Votada
IL,G,Solo,2024-03-27,263535,Projeto de Lei,Votada
IL,G,Solo,2024-03-27,263536,Projeto de Lei,Não Votada
IL,G,Solo,2024-03-27,263538,Projeto de Lei,Não Votada
IL,G,Solo,2024-04-08,263545,Projeto de Resolução,Votada
IL,G,Solo,2024-04-08,263546,Projeto de Resolução,Não Votada
IL,G,Solo,2024-04-10,263558,Projeto de Lei,Votada
IL,G,Solo,2024-04-18,263599,Projeto de Resolução,Votada
IL,G,Solo,2024-04-22,263605,Projeto de Lei,Votada
IL,G,Solo,2024-04-25,263618,Projeto de Deliberação,Votada
IL,G,Solo,2024-04-26,263626,Projeto de Lei,Votada
IL,G,Solo,2024-04-26,263628,Projeto de Resolução,Votada
IL,G,Solo,2024-04-29,263641,Projeto de Resolução,Votada
IL,G,Solo,2024-05-07,263666,Projeto de Lei,Votada
IL,G,Solo,2024-05-10,263715,Projeto de Resolução,Votada
IL,G,Solo,2024-05-16,263733,Inquérito Parlamentar,Não Votada
IL,G,Solo,2024-05-17,263735,Projeto de Lei,Votada
IL,G,Solo,2024-05-17,263736,Projeto de Lei,Votada
IL,G,Solo,2024-05-17,263737,Projeto de Lei,Votada
IL,G,Solo,2024-06-11,263831,Projeto de Resolução,Votada
IL,G,Solo,2024-06-18,263850,Projeto de Lei,Não Votada
IL,G,Solo,2024-06-18,263851,Projeto de Resolução,Não Votada
IL,G,Solo,2024-06-19,263853,Projeto de Resolução,Votada
IL,G,Solo,2024-06-28,263878,Projeto de Resolução,Votada
IL,G,Solo,2024-06-28,263879,Projeto de Lei,Não Votada
IL,G,Solo,2024-07-02,273899,Projeto de Lei,Não Votada
IL,G,Solo,2024-07-24,273967,Projeto de Lei,Não Votada
IL,G,Solo,2024-08-06,283989,Projeto de Resolução,Votada
IL,G,Solo,2024-09-13,284038,Projeto de Lei,Votada
IL,G,Solo,2024-09-13,284040,Projeto de Resolução,Votada
IL,G,Solo,2024-09-18,284089,Projeto de Resolução,Votada
IL,G,Solo,2024-09-26,294114,Projeto de Lei,Não Votada
IL,G,Solo,2024-10-01,304155,Inquérito Parlamentar,Votada
IL,G,Solo,2024-10-01,304158,Projeto de Resolução,Votada
IL,G,Solo,2024-10-08,304216,Projeto de Resolução,Votada
IL,G,Solo,2024-10-09,304225,Projeto de Resolução,Não Votada
IL,G,Solo,2024-10-10,304231,Projeto de Resolução,Não Votada
IL,G,Solo,2024-10-10,304232,Projeto de Resolução,Não Votada
IL,G,Solo,2024-11-10,304317,Projeto de Resolução,Votada
IL,G,Solo,2024-11-11,304319,Projeto de Resolução,Não Votada
IL,G,Solo,2024-11-15,304328,Projeto de Resolução,Votada
IL,G,Solo,2024-11-27,304358,Projeto de Lei,Votada
IL,G,Solo,2024-12-11,314407,Projeto de Resolução,Votada
IL,G,Solo,2024-12-13,314423,Projeto de Lei,Votada
IL,G,Solo,2024-12-13,314424,Projeto de Lei,Não Votada
IL,G,Solo,2024-12-13,314425,Projeto de Resolução,Votada
IL,G,Solo,2024-12-17,314432,Projeto de Lei,Não Votada
IL,G,Solo,2025-01-09,314488,Projeto de Resolução,Votada
IL,G,Solo,2025-01-15,314568,Projeto de Resolução,Votada
IL,G,Solo,2025-01-17,314579,Projeto de Lei,Não Votada
IL,G,Solo,2025-01-17,314592,Projeto de Resolução,Votada
IL,G,Solo,2025-01-17,314595,Projeto de Lei,Votada
IL,G,Solo,2025-01-20,314603,Projeto de Lei,Não Votada
IL,G,Solo,2025-01-28,314662,Projeto de Resolução,Votada
IL,G,Solo,2025-01-30,314681,Projeto de Lei,Não Votada
IL,G,Solo,2025-02-02,314689,Projeto de Lei,Não Votada
IL,G,Solo,2025-02-02,314690,Projeto de Lei,Não Votada
IL,G,Solo,2025-02-02,314691,Projeto de Lei,Não Votada
IL,G,Solo,2025-02-02,314692,Projeto de Resolução,Votada
IL,G,Solo,2025-02-02,314693,Projeto de Resolução,Votada
IL,G,Solo,2025-02-02,314694,Projeto de Resolução,Não Votada
IL,G,Solo,2025-02-05,314711,Projeto de Lei,Não Votada
IL,G,Solo,2025-02-06,314718,Projeto de Lei,Votada
IL,G,Solo,2025-02-06,314719,Projeto de Lei,Não Votada
IL,G,Solo,2025-02-06,314720,Projeto de Resolução,Não Votada
IL,G,Solo,2025-02-07,314731,Projeto de Resolução,Votada
IL,G,Solo,2025-02-07,314732,Projeto de Lei,Votada
IL,G,Solo,2025-02-07,314737,Projeto de Resolução,Votada
IL,G,Solo,2025-02-13,314829,Projeto de Lei,Não Votada
IL,G,Solo,2025-02-21,314879,Projeto de Lei,Votada
IL,G,Solo,2025-02-26,314905,Projeto de Resolução,Votada
IL,G,Solo,2025-02-26,314906,Projeto de Lei,Não Votada
L,G,Solo,2024-03-26,263514,Projeto de Resolução,Votada
L,G,Solo,2024-04-15,263582,Projeto de Lei,Votada
L,G,Solo,2024-04-15,263584,Projeto de Lei,Votada
L,G,Solo,2024-04-15,263585,Projeto de Resolução,Votada
L,G,Solo,2024-04-17,263594,Projeto de Resolução,Votada
L,G,Solo,2024-04-22,263609,Projeto de Lei,Votada
L,G,Solo,2024-05-03,263655,Projeto de Resolução,Votada
L,G,Solo,2024-05-08,263673,Projeto de Resolução,Votada
L,G,Solo,2024-05-08,263696,Projeto de Resolução,Não Votada
L,G,Solo,2024-05-10,263713,Projeto de Resolução,Votada
L,G,Solo,2024-05-10,263714,Projeto de Resolução,Votada
L,G,Solo,2024-05-16,263734,Projeto de Resolução,Votada
L,G,Solo,2024-05-17,263751,Projeto de Resolução,Votada
L,G,Solo,2024-05-17,263752,Projeto de Resolução,Votada
L,G,Solo,2024-05-17,263754,Projeto de Lei,Votada
L,G,Solo,2024-05-17,263755,Projeto de Resolução,Votada
L,G,Solo,2024-05-17,263756,Projeto de Lei,Votada
L,G,Solo,2024-05-17,263757,Projeto de Resolução,Votada
L,G,Solo,2024-05-31,263796,Projeto de Resolução,Votada
L,G,Solo,2024-05-31,263797,Projeto de Resolução,Votada
L,G,Solo,2024-05-31,263798,Projeto de Resolução,Votada
L,G,Solo,2024-05-31,263799,Projeto de Resolução,Votada
L,G,Solo,2024-06-21,263862,Projeto de Resolução,Votada
L,G,Solo,2024-06-21,263863,Projeto de Resolução,Votada
L,G,Solo,2024-06-28,263880,Projeto de Resolução,Votada
L,G,Solo,2024-06-28,263881,Projeto de Resolução,Votada
L,G,Solo,2024-07-04,273905,Projeto de Resolução,Votada
L,G,Solo,2024-07-04,273906,Projeto de Resolução,Votada
L,G,Solo,2024-07-04,273907,Projeto de Resolução,Votada
L,G,Solo,2024-07-12,273937,Projeto de Resolução,Votada
L,G,Solo,2024-07-17,273944,Projeto de Resolução,Votada
L,G,Solo,2024-07-23,273962,Projeto de Resolução,Votada
L,G,Solo,2024-07-24,273963,Projeto de Resolução,Votada
L,G,Solo,2024-07-30,283978,Projeto de Resolução,Não Votada
L,G,Solo,2024-07-30,283979,Projeto de Resolução,Não Votada
L,G,Solo,2024-08-02,283983,Projeto de Resolução,Não Votada
L,G,Solo,2024-08-22,283999,Projeto de Resolução,Não Votada
L,G,Solo,2024-09-09,284019,Projeto de Deliberação,Não Votada
L,G,Solo,2024-09-09,284020,Projeto de Resolução,Não Votada
L,G,Solo,2024-09-13,284045,Projeto de Resolução,Votada
L,G,Solo,2024-09-13,284046,Projeto de Lei,Votada
L,G,Solo,2024-09-13,284047,Projeto de Lei,Votada
L,G,Solo,2024-09-13,284048,Projeto de Resolução,Votada
L,G,Solo,2024-09-13,284049,Projeto de Lei,Votada
L,G,Solo,2024-09-13,284050,Projeto de Lei,Votada
L,G,Solo,2024-09-13,284051,Projeto de Lei,Votada
L,G,Solo,2024-09-13,284052,Projeto de Resolução,Não Votada
L,G,Solo,2024-09-13,284053,Projeto de Lei,Votada
L,G,Solo,2024-09-13,284054,Projeto de Resolução,Votada
L,G,Solo,2024-09-13,284055,Projeto de Resolução,Votada
L,G,Solo,2024-09-20,284091,Projeto de Resolução,Votada
L,G,Solo,2024-09-24,294098,Projeto de Resolução,Votada
L,G,Solo,2024-09-27,294136,Projeto de Lei,Votada
L,G,Solo,2024-09-27,294137,Projeto de Lei,Votada
L,G,Solo,2024-09-27,294138,Projeto de Lei,Votada
L,G,Solo,2024-09-27,294139,Projeto de Lei,Votada
L,G,Solo,2024-09-27,294140,Projeto de Resolução,Votada
L,G,Solo,2024-10-01,304154,Projeto de Resolução,Votada
L,G,Solo,2024-10-02,304176,Projeto de Resolução,Não Votada
L,G,Solo,2024-10-04,304198,Projeto de Lei,Votada
L,G,Solo,2024-10-04,304199,Projeto de Lei,Votada
L,G,Solo,2024-10-04,304200,Projeto de Resolução,Votada
L,G,Solo,2024-10-04,304201,Projeto de Resolução,Votada
L,G,Solo,2024-10-04,304202,Projeto de Resolução,Votada
L,G,Solo,2024-10-04,304203,Projeto de Resolução,Votada
L,G,Solo,2024-10-04,304204,Projeto de Resolução,Votada
L,G,Solo,2024-10-04,304205,Projeto de Lei,Votada
L,G,Solo,2024-10-04,304208,Projeto de Lei,Votada
L,G,Solo,2024-10-11,304244,Projeto de Resolução,Votada
L,G,Solo,2024-10-11,304245,Projeto de Deliberação,Não Votada
L,G,Solo,2024-10-11,304247,Projeto de Lei,Votada
L,G,Solo,2024-10-17,304273,Projeto de Resolução,Votada
L,G,Solo,2024-10-29,304305,Projeto de Resolução,Votada
L,G,Solo,2024-10-29,304306,Projeto de Resolução,Votada
L,G,Solo,2024-11-22,304352,Projeto de Resolução,Votada
L,G,Solo,2024-11-22,304354,Projeto de Resolução,Votada
L,G,Solo,2024-11-22,304355,Projeto de Resolução,Votada
L,G,Solo,2024-11-22,304356,Projeto de Resolução,Votada
L,G,Solo,2024-12-06,304386,Projeto de Lei,Votada
L,G,Solo,2024-12-06,304388,Projeto de Resolução,Votada
L,G,Solo,2024-12-06,304389,Projeto de Resolução,Votada
L,G,Solo,2024-12-13,314420,Projeto de Lei,Votada
L,G,Solo,2024-12-13,314421,Projeto de Lei,Votada
L,G,Solo,2024-12-20,314441,Projeto de Resolução,Votada
L,G,Solo,2024-12-31,314456,Projeto de Resolução,Não Votada
L,G,Solo,2025-01-03,314473,Projeto de Resolução,Votada
L,G,Solo,2025-01-03,314474,Projeto de Resolução,Votada
L,G,Solo,2025-01-03,314475,Projeto de Lei,Não Votada
L,G,Solo,2025-01-03,314476,Projeto de Lei,Votada
L,G,Solo,2025-01-03,314477,Projeto de Lei,Votada
L,G,Solo,2025-01-10,314529,Projeto de Lei,Votada
L,G,Solo,2025-01-10,314530,Projeto de Lei,Votada
L,G,Solo,2025-01-10,314532,Projeto de Lei,Votada
L,G,Solo,2025-01-10,314535,Projeto de Resolução,Votada
L,G,Solo,2025-01-10,314536,Projeto de Resolução,Votada
L,G,Solo,2025-01-10,314537,Projeto de Resolução,Votada
L,G,Solo,2025-01-10,314538,Projeto de Resolução,Votada
L,G,Solo,2025-01-10,314539,Projeto de Resolução,Votada
L,G,Solo,2025-01-10,314540,Projeto de Resolução,Votada
L,G,Solo,2025-01-10,314541,Projeto de Resolução,Votada
L,G,Solo,2025-01-17,314583,Projeto de Resolução,Votada
L,G,Solo,2025-01-17,314584,Projeto de Resolução,Votada
L,G,Solo,2025-01-17,314585,Projeto de Lei,Votada
L,G,Solo,2025-01-17,314586,Projeto de Lei,Votada
L,G,Solo,2025-01-17,314588,Projeto de Lei,Votada
L,G,Solo,2025-01-17,314589,Projeto de Lei,Votada
L,G,Solo,2025-01-17,314591,Projeto de Lei,Votada
L,G,Solo,2025-01-17,314593,Projeto de Lei,Votada
L,G,Solo,2025-01-23,314613,Projeto de Resolução,Votada
L,G,Solo,2025-01-23,314616,Projeto de Resolução,Votada
L,G,Solo,2025-01-24,314635,Projeto de Resolução,Votada
L,G,Solo,2025-01-24,314636,Projeto de Resolução,Não Votada
L,G,Solo,2025-01-24,314638,Projeto de Resolução,Não Votada
L,G,Solo,2025-01-24,314639,Projeto de Resolução,Não Votada
L,G,Solo,2025-01-24,314640,Projeto de Resolução,Votada
L,G,Solo,2025-01-24,314642,Projeto de Lei,Votada
L,G,Solo,2025-01-24,314645,Projeto de Lei,Votada
L,G,Solo,2025-01-24,314647,Projeto de Lei,Votada
L,G,Solo,2025-01-30,314676,Projeto de Resolução,Não Votada
L,G,Solo,2025-02-07,314767,Projeto de Resolução,Não Votada
L,G,Solo,2025-02-07,314768,Projeto de Resolução,Votada
L,G,Solo,2025-02-07,314769,Projeto de Resolução,Votada
L,G,Solo,2025-02-07,314770,Projeto de Resolução,Votada
L,G,Solo,2025-02-07,314771,Projeto de Resolução,Votada
L,G,Solo,2025-02-07,314772,Projeto de Resolução,Votada
L,G,Solo,2025-02-07,314773,Projeto de Resolução,Votada
L,G,Solo,2025-02-07,314774,Projeto de Resolução,Votada
L,G,Solo,2025-02-07,314775,Projeto de Resolução,Votada
L,G,Solo,2025-02-10,314803,Projeto de Resolução,Votada
L,G,Solo,2025-02-12,314826,Projeto de Resolução,Não Votada
L,G,Solo,2025-02-12,314827,Projeto de Resolução,Não Votada
L,G,Solo,2025-02-17,314835,Projeto de Resolução,Não Votada
L,G,Solo,2025-02-19,314842,Projeto de Resolução,Não Votada
L,G,Solo,2025-02-19,314843,Projeto de Resolução,Votada
L,G,Solo,2025-02-19,314844,Projeto de Resolução,Votada
L,G,Solo,2025-02-19,314845,Projeto de Resolução,Não Votada
L,G,Solo,2025-02-21,314878,Projeto de Resolução,Votada
L,G,Solo,2025-02-21,314880,Projeto de Resolução,Votada
L,G,Solo,2025-02-21,314881,Projeto de Resolução,Votada
L,G,Solo,2025-02-21,314882,Projeto de Resolução,Não Votada
L,G,Solo,2025-02-21,314883,Projeto de Lei,Votada
L,G,Solo,2025-02-21,314884,Projeto de Lei,Não Votada
L,G,Solo,2025-02-21,314885,Projeto de Lei,Votada
L,G,Solo,2025-02-28,314919,Projeto de Resolução,Não Votada
L,G,Solo,2025-02-28,314922,Projeto de Lei,Não Votada
L,G,Solo,2025-03-03,314943,Projeto de Resolução,Votada
L,G,Solo,2025-03-03,314944,Projeto de Resolução,Votada
L,G,Solo,2025-03-03,314945,Projeto de Resolução,Votada
L,G,Solo,2025-03-07,314973,Projeto de Lei,Não Votada
L,G,Solo,2025-03-07,314974,Projeto de Lei,Não Votada
L,G,Solo,2025-03-07,314975,Projeto de Resolução,Não Votada
L,G,Solo,2025-03-07,314976,Projeto de Resolução,Não Votada
L,G,Solo,2025-03-07,314977,Projeto de Resolução,Não Votada
L,G,Solo,2025-03-07,314978,Projeto de Lei,Não Votada
L,G,Solo,2025-03-07,314979,Projeto de Lei,Não Votada
L,G,Solo,2025-03-12,315007,Projeto de Lei,Não Votada
L,G,Solo,2025-03-12,315008,Projeto de Lei,Não Votada
L,G,Solo,2025-03-12,315009,Projeto de Lei,Não Votada
L,G,Solo,2025-03-12,315010,Projeto de Lei,Não Votada
L,G,Solo,2025-03-12,315011,Projeto de Lei,Não Votada
L,G,Solo,2025-03-12,315012,Projeto de Lei,Não Votada
L,G,Solo,2025-03-12,315013,Projeto de Resolução,Não Votada
L,G,Solo,2025-03-12,315014,Projeto de Resolução,Não Votada
L,G,Solo,2025-03-12,315015,Projeto de Resolução,Não Votada
"L, PAN",G,Iniciativa Cojunta,2024-08-19,283996,Projeto de Resolução,Votada
M,M,Solo,2024-10-16,304263,Proposta de Lei,Não Votada
M,M,Solo,2024-11-06,304313,Proposta de Lei,Não Votada
M,M,Solo,2024-11-29,304361,Proposta de Lei,Não Votada
M,M,Solo,2024-12-09,314394,Proposta de Lei,Não Votada
PAN,G,Solo,2024-03-26,263495,Projeto de Resolução,Votada
PAN,G,Solo,2024-03-26,263496,Projeto de Resolução,Não Votada
PAN,G,Solo,2024-03-27,263539,Projeto de Resolução,Votada
PAN,G,Solo,2024-04-03,263541,Projeto de Resolução,Votada
PAN,G,Solo,2024-04-03,263542,Inquérito Parlamentar,Votada
PAN,G,Solo,2024-04-04,263543,Projeto de Resolução,Não Votada
PAN,G,Solo,2024-04-08,263548,Projeto de Resolução,Votada
PAN,G,Solo,2024-04-08,263549,Projeto de Lei,Votada
PAN,G,Solo,2024-04-08,263550,Projeto de Lei,Não Votada
PAN,G,Solo,2024-04-15,263572,Projeto de Lei,Votada
PAN,G,Solo,2024-04-15,263573,Projeto de Lei,Votada
PAN,G,Solo,2024-04-15,263574,Projeto de Lei,Votada
PAN,G,Solo,2024-04-15,263575,Projeto de Lei,Votada
PAN,G,Solo,2024-04-15,263576,Projeto de Resolução,Votada
PAN,G,Solo,2024-04-15,263577,Projeto de Lei,Votada
PAN,G,Solo,2024-04-15,263578,Projeto de Lei,Votada
PAN,G,Solo,2024-04-15,263579,Projeto de Lei,Votada
PAN,G,Solo,2024-04-16,263589,Projeto de Resolução,Votada
PAN,G,Solo,2024-04-16,263590,Projeto de Resolução,Votada
PAN,G,Solo,2024-04-18,263600,Projeto de Resolução,Votada
PAN,G,Solo,2024-04-18,263601,Projeto de Resolução,Votada
PAN,G,Solo,2024-04-24,263615,Projeto de Resolução,Não Votada
PAN,G,Solo,2024-04-26,263620,Projeto de Resolução,Votada
PAN,G,Solo,2024-04-26,263621,Projeto de Resolução,Votada
PAN,G,Solo,2024-04-26,263623,Projeto de Lei,Não Votada
PAN,G,Solo,2024-04-26,263624,Projeto de Lei,Votada
PAN,G,Solo,2024-04-26,263629,Projeto de Lei,Não Votada
PAN,G,Solo,2024-04-26,263634,Projeto de Resolução,Votada
PAN,G,Solo,2024-04-30,263642,Projeto de Lei,Não Votada
PAN,G,Solo,2024-04-30,263643,Projeto de Lei,Votada
PAN,G,Solo,2024-04-30,263644,Projeto de Resolução,Votada
PAN,G,Solo,2024-05-03,263651,Projeto de Resolução,Votada
PAN,G,Solo,2024-05-06,263664,Projeto de Lei,Não Votada
PAN,G,Solo,2024-05-07,263667,Projeto de Resolução,Votada
PAN,G,Solo,2024-05-07,263668,Projeto de Resolução,Votada
PAN,G,Solo,2024-05-07,263669,Projeto de Resolução,Votada
PAN,G,Solo,2024-05-07,263670,Projeto de Resolução,Votada
PAN,G,Solo,2024-05-07,263671,Projeto de Resolução,Votada
PAN,G,Solo,2024-05-08,263694,Projeto de Lei,Votada
PAN,G,Solo,2024-05-08,263695,Projeto de Resolução,Votada
PAN,G,Solo,2024-05-10,263711,Projeto de Resolução,Votada
PAN,G,Solo,2024-05-17,263739,Projeto de Lei,Votada
PAN,G,Solo,2024-05-17,263740,Projeto de Lei,Votada
PAN,G,Solo,2024-05-17,263741,Projeto de Resolução,Votada
PAN,G,Solo,2024-05-21,263764,Projeto de Resolução,Votada
PAN,G,Solo,2024-05-24,263777,Projeto de Resolução,Votada
PAN,G,Solo,2024-05-24,263778,Projeto de Resolução,Votada
PAN,G,Solo,2024-05-24,263779,Projeto de Lei,Votada
PAN,G,Solo,2024-05-28,263782,Projeto de Lei,Votada
PAN,G,Solo,2024-05-28,263783,Projeto de Resolução,Votada
PAN,G,Solo,2024-05-31,263792,Projeto de Resolução,Votada
PAN,G,Solo,2024-06-05,263815,Projeto de Lei,Não Votada
PAN,G,Solo,2024-06-05,263816,Projeto de Resolução,Não Votada
PAN,G,Solo,2024-06-07,263822,Projeto de Lei,Votada
PAN,G,Solo,2024-06-07,263823,Projeto de Lei,Não Votada
PAN,G,Solo,2024-06-07,263824,Projeto de Resolução,Votada
PAN,G,Solo,2024-06-07,263825,Projeto de Resolução,Votada
PAN,G,Solo,2024-06-14,263840,Projeto de Resolução,Não Votada
PAN,G,Solo,2024-06-14,263841,Projeto de Resolução,Votada
PAN,G,Solo,2024-06-14,263842,Projeto de Lei,Não Votada
PAN,G,Solo,2024-06-14,263847,Projeto de Lei,Não Votada
PAN,G,Solo,2024-06-28,263882,Projeto de Lei,Não Votada
PAN,G,Solo,2024-06-28,263883,Projeto de Resolução,Votada
PAN,G,Solo,2024-06-28,263884,Projeto de Resolução,Votada
PAN,G,Solo,2024-07-12,273934,Projeto de Resolução,Votada
PAN,G,Solo,2024-07-16,273943,Projeto de Lei,Não Votada
PAN,G,Solo,2024-07-18,273951,Projeto de Resolução,Votada
PAN,G,Solo,2024-07-18,273952,Projeto de Resolução,Votada
PAN,G,Solo,2024-07-18,273953,Projeto de Lei,Não Votada
PAN,G,Solo,2024-07-18,273954,Projeto de Lei,Não Votada
PAN,G,Solo,2024-07-18,273957,Projeto de Resolução,Votada
PAN,G,Solo,2024-07-29,273976,Projeto de Resolução,Votada
PAN,G,Solo,2024-08-01,283980,Projeto de Resolução,Não Votada
PAN,G,Solo,2024-08-01,283981,Projeto de Resolução,Votada
PAN,G,Solo,2024-08-02,283984,Projeto de Lei,Não Votada
PAN,G,Solo,2024-08-05,283986,Projeto de Resolução,Não Votada
PAN,G,Solo,2024-08-05,283987,Projeto de Resolução,Não Votada
PAN,G,Solo,2024-08-05,283988,Projeto de Lei,Não Votada
PAN,G,Solo,2024-08-19,283997,Projeto de Resolução,Votada
PAN,G,Solo,2024-08-20,283998,Projeto de Lei,Não Votada
PAN,G,Solo,2024-08-22,284000,Projeto de Lei,Não Votada
PAN,G,Solo,2024-08-27,284001,Projeto de Resolução,Não Votada
PAN,G,Solo,2024-08-30,284005,Projeto de Resolução,Votada
PAN,G,Solo,2024-09-02,284008,Projeto de Resolução,Votada
PAN,G,Solo,2024-09-04,284010,Projeto de Resolução,Votada
PAN,G,Solo,2024-09-04,284011,Projeto de Lei,Não Votada
PAN,G,Solo,2024-09-11,284029,Projeto de Resolução,Votada
PAN,G,Solo,2024-09-13,284056,Projeto de Lei,Votada
PAN,G,Solo,2024-09-13,284057,Projeto de Lei,Votada
PAN,G,Solo,2024-09-13,284058,Projeto de Resolução,Votada
PAN,G,Solo,2024-09-13,284059,Projeto de Resolução,Votada
PAN,G,Solo,2024-09-13,284060,Projeto de Resolução,Votada
PAN,G,Solo,2024-09-13,284061,Projeto de Lei,Votada
PAN,G,Solo,2024-09-13,284062,Projeto de Lei,Votada
PAN,G,Solo,2024-09-13,284063,Projeto de Lei,Votada
PAN,G,Solo,2024-09-13,284064,Projeto de Resolução,Votada
PAN,G,Solo,2024-09-13,284065,Projeto de Resolução,Votada
PAN,G,Solo,2024-09-14,284076,Projeto de Resolução,Votada
PAN,G,Solo,2024-09-23,284094,Projeto de Lei,Votada
PAN,G,Solo,2024-09-24,294100,Projeto de Resolução,Votada
PAN,G,Solo,2024-09-24,294101,Projeto de Resolução,Votada
PAN,G,Solo,2024-09-24,294102,Projeto de Resolução,Votada
PAN,G,Solo,2024-09-24,294103,Projeto de Resolução,Votada
PAN,G,Solo,2024-09-24,294104,Projeto de Resolução,Votada
PAN,G,Solo,2024-09-24,294105,Projeto de Resolução,Votada
PAN,G,Solo,2024-09-24,294106,Projeto de Lei,Não Votada
PAN,G,Solo,2024-09-25,294113,Projeto de Lei,Não Votada
PAN,G,Solo,2024-09-27,294128,Projeto de Lei,Votada
PAN,G,Solo,2024-09-27,294129,Projeto de Lei,Votada
PAN,G,Solo,2024-09-27,294135,Projeto de Resolução,Não Votada
PAN,G,Solo,2024-09-30,304142,Projeto de Lei,Votada
PAN,G,Solo,2024-10-02,304162,Projeto de Lei,Votada
PAN,G,Solo,2024-10-02,304163,Projeto de Lei,Não Votada
PAN,G,Solo,2024-10-02,304165,Projeto de Resolução,Votada
PAN,G,Solo,2024-10-02,304166,Projeto de Resolução,Votada
PAN,G,Solo,2024-10-02,304167,Projeto de Resolução,Votada
PAN,G,Solo,2024-10-02,304168,Projeto de Resolução,Votada
PAN,G,Solo,2024-10-02,304169,Projeto de Resolução,Votada
PAN,G,Solo,2024-10-02,304170,Projeto de Resolução,Votada
PAN,G,Solo,2024-10-02,304171,Projeto de Resolução,Votada
PAN,G,Solo,2024-10-02,304172,Projeto de Resolução,Votada
PAN,G,Solo,2024-10-02,304173,Projeto de Resolução,Não Votada
PAN,G,Solo,2024-10-11,304248,Projeto de Resolução,Votada
PAN,G,Solo,2024-10-11,304251,Projeto de Lei,Votada
PAN,G,Solo,2024-10-11,304252,Projeto de Lei,Votada
PAN,G,Solo,2024-10-11,304253,Projeto de Lei,Votada
PAN,G,Solo,2024-10-11,304255,Projeto de Resolução,Votada
PAN,G,Solo,2024-10-22,304288,Projeto de Resolução,Não Votada
PAN,G,Solo,2024-10-24,304293,Projeto de Resolução,Votada
PAN,G,Solo,2024-10-31,304308,Projeto de Resolução,Votada
PAN,G,Solo,2024-10-31,304309,Projeto de Resolução,Não Votada
PAN,G,Solo,2024-11-08,304316,Projeto de Resolução,Não Votada
PAN,G,Solo,2024-11-22,304341,Projeto de Resolução,Votada
PAN,G,Solo,2024-11-22,304342,Projeto de Resolução,Votada
PAN,G,Solo,2024-11-22,304343,Projeto de Lei,Votada
PAN,G,Solo,2024-11-22,304344,Projeto de Resolução,Não Votada
PAN,G,Solo,2024-11-22,304345,Projeto de Resolução,Votada
PAN,G,Solo,2024-12-06,304382,Projeto de Lei,Votada
PAN,G,Solo,2024-12-09,314397,Projeto de Resolução,Votada
PAN,G,Solo,2024-12-12,314409,Projeto de Resolução,Não Votada
PAN,G,Solo,2024-12-12,314410,Projeto de Resolução,Votada
PAN,G,Solo,2024-12-12,314411,Projeto de Lei,Votada
PAN,G,Solo,2024-12-16,314429,Projeto de Resolução,Votada
PAN,G,Solo,2024-12-19,314438,Projeto de Lei,Não Votada
PAN,G,Solo,2024-12-20,314442,Projeto de Resolução,Votada
PAN,G,Solo,2024-12-20,314444,Projeto de Lei,Não Votada
PAN,G,Solo,2025-01-03,314469,Projeto de Lei,Votada
PAN,G,Solo,2025-01-10,314504,Projeto de Lei,Votada
PAN,G,Solo,2025-01-10,314507,Projeto de Lei,Votada
PAN,G,Solo,2025-01-10,314508,Projeto de Resolução,Votada
PAN,G,Solo,2025-01-10,314509,Projeto de Lei,Votada
PAN,G,Solo,2025-01-10,314510,Projeto de Resolução,Votada
PAN,G,Solo,2025-01-10,314511,Projeto de Resolução,Votada
PAN,G,Solo,2025-01-10,314512,Projeto de Resolução,Não Votada
PAN,G,Solo,2025-01-10,314514,Projeto de Resolução,Votada
PAN,G,Solo,2025-01-10,314515,Projeto de Resolução,Votada
PAN,G,Solo,2025-01-10,314516,Projeto de Lei,Votada
PAN,G,Solo,2025-01-10,314517,Projeto de Resolução,Votada
PAN,G,Solo,2025-01-10,314518,Projeto de Resolução,Votada
PAN,G,Solo,2025-01-10,314520,Projeto de Resolução,Votada
PAN,G,Solo,2025-01-10,314521,Projeto de Resolução,Votada
PAN,G,Solo,2025-01-10,314523,Projeto de Resolução,Votada
PAN,G,Solo,2025-01-10,314524,Projeto de Resolução,Votada
PAN,G,Solo,2025-01-10,314525,Projeto de Resolução,Votada
PAN,G,Solo,2025-01-10,314526,Projeto de Resolução,Votada
PAN,G,Solo,2025-01-13,314562,Projeto de Resolução,Votada
PAN,G,Solo,2025-01-20,314600,Projeto de Resolução,Votada
PAN,G,Solo,2025-01-24,314623,Projeto de Resolução,Não Votada
PAN,G,Solo,2025-01-24,314624,Projeto de Resolução,Não Votada
PAN,G,Solo,2025-01-24,314625,Projeto de Resolução,Votada
PAN,G,Solo,2025-01-24,314626,Projeto de Resolução,Não Votada
PAN,G,Solo,2025-01-24,314627,Projeto de Resolução,Votada
PAN,G,Solo,2025-01-24,314628,Projeto de Resolução,Votada
PAN,G,Solo,2025-01-24,314629,Projeto de Lei,Votada
PAN,G,Solo,2025-01-24,314630,Projeto de Lei,Não Votada
PAN,G,Solo,2025-01-24,314631,Projeto de Lei,Votada
PAN,G,Solo,2025-01-24,314632,Projeto de Lei,Votada
PAN,G,Solo,2025-01-27,314658,Projeto de Lei,Não Votada
PAN,G,Solo,2025-01-27,314659,Projeto de Resolução,Não Votada
PAN,G,Solo,2025-01-31,314687,Projeto de Resolução,Votada
PAN,G,Solo,2025-02-05,314710,Projeto de Resolução,Não Votada
PAN,G,Solo,2025-02-07,314750,Projeto de Resolução,Votada
PAN,G,Solo,2025-02-07,314751,Projeto de Resolução,Votada
PAN,G,Solo,2025-02-07,314752,Projeto de Resolução,Votada
PAN,G,Solo,2025-02-07,314753,Projeto de Lei,Votada
PAN,G,Solo,2025-02-07,314754,Projeto de Lei,Votada
PAN,G,Solo,2025-02-07,314755,Projeto de Lei,Votada
PAN,G,Solo,2025-02-07,314756,Projeto de Lei,Votada
PAN,G,Solo,2025-02-07,314758,Projeto de Lei,Votada
PAN,G,Solo,2025-02-07,314759,Projeto de Lei,Votada
PAN,G,Solo,2025-02-07,314760,Projeto de Lei,Votada
PAN,G,Solo,2025-02-07,314761,Projeto de Lei,Votada
PAN,G,Solo,2025-02-07,314762,Projeto de Lei,Votada
PAN,G,Solo,2025-02-07,314763,Projeto de Resolução,Votada
PAN,G,Solo,2025-02-07,314764,Projeto de Resolução,Votada
PAN,G,Solo,2025-02-07,314765,Projeto de Resolução,Votada
PAN,G,Solo,2025-02-07,314766,Projeto de Resolução,Votada
PAN,G,Solo,2025-02-17,314837,Projeto de Lei,Não Votada
PAN,G,Solo,2025-02-17,314838,Projeto de Resolução,Não Votada
PAN,G,Solo,2025-02-21,314866,Projeto de Lei,Votada
PAN,G,Solo,2025-02-21,314867,Projeto de Lei,Não Votada
PAN,G,Solo,2025-02-21,314868,Projeto de Resolução,Votada
PAN,G,Solo,2025-02-21,314869,Projeto de Resolução,Votada
PAN,G,Solo,2025-02-21,314870,Projeto de Resolução,Votada
PAN,G,Solo,2025-02-21,314871,Projeto de Lei,Não Votada
PAN,G,Solo,2025-02-21,314872,Projeto de Lei,Não Votada
PAN,G,Solo,2025-02-21,314873,Projeto de Lei,Não Votada
PAN,G,Solo,2025-02-21,314874,Projeto de Lei,Não Votada
PAN,G,Solo,2025-02-21,314875,Projeto de Resolução,Não Votada
PAN,G,Solo,2025-02-26,314904,Projeto de Resolução,Votada
PAN,G,Solo,2025-02-27,314908,Projeto de Resolução,Não Votada
PAN,G,Solo,2025-02-28,314915,Projeto de Resolução,Não Votada
PAN,G,Solo,2025-02-28,314916,Projeto de Lei,Não Votada
PAN,G,Solo,2025-02-28,314917,Projeto de Resolução,Não Votada
PAN,G,Solo,2025-02-28,314918,Projeto de Resolução,Não Votada
PAN,G,Solo,2025-02-28,314921,Projeto de Lei,Não Votada
PAN,G,Solo,2025-03-07,314957,Projeto de Lei,Não Votada
PAN,G,Solo,2025-03-07,314958,Projeto de Lei,Não Votada
PAN,G,Solo,2025-03-07,314959,Projeto de Lei,Não Votada
PAN,G,Solo,2025-03-07,314960,Projeto de Lei,Não Votada
PAN,G,Solo,2025-03-07,314961,Projeto de Lei,Não Votada
PAN,G,Solo,2025-03-07,314962,Projeto de Resolução,Não Votada
PAN,G,Solo,2025-03-07,314967,Projeto de Resolução,Não Votada
PAN,G,Solo,2025-03-07,314968,Projeto de Resolução,Não Votada
PAN,G,Solo,2025-03-07,314969,Projeto de Resolução,Não Votada
PAN,G,Solo,2025-03-07,314970,Projeto de Resolução,Votada
PAN,G,Solo,2025-03-10,314980,Projeto de Resolução,Não Votada
PCP,G,Solo,2024-03-26,263483,Projeto de Resolução,Não Votada
PCP,G,Solo,2024-03-26,263484,Projeto de Resolução,Votada
PCP,G,Solo,2024-03-26,263485,Projeto de Lei,Não Votada
PCP,G,Solo,2024-03-26,263486,Projeto de Lei,Não Votada
PCP,G,Solo,2024-03-26,263487,Projeto de Lei,Votada
PCP,G,Solo,2024-03-26,263488,Projeto de Lei,Votada
PCP,G,Solo,2024-03-26,263489,Projeto de Lei,Votada
PCP,G,Solo,2024-03-26,263490,Projeto de Lei,Votada
PCP,G,Solo,2024-03-26,263492,Projeto de Resolução,Não Votada
PCP,G,Solo,2024-04-08,263547,Inquérito Parlamentar,Votada
PCP,G,Solo,2024-04-10,263559,Projeto de Lei,Votada
PCP,G,Solo,2024-04-15,263581,Projeto de Lei,Votada
PCP,G,Solo,2024-04-15,263586,Projeto de Resolução,Votada
PCP,G,Solo,2024-04-17,263595,Projeto de Resolução,Não Votada
PCP,G,Solo,2024-04-17,263596,Projeto de Lei,Não Votada
PCP,G,Solo,2024-04-18,263598,Projeto de Lei,Votada
PCP,G,Solo,2024-04-19,263603,Projeto de Resolução,Votada
PCP,G,Solo,2024-04-22,263608,Projeto de Lei,Votada
PCP,G,Solo,2024-04-24,263616,Projeto de Resolução,Votada
PCP,G,Solo,2024-04-26,263630,Projeto de Resolução,Votada
PCP,G,Solo,2024-04-26,263632,Projeto de Resolução,Não Votada
PCP,G,Solo,2024-04-26,263633,Projeto de Lei,Votada
PCP,G,Solo,2024-04-29,263637,Projeto de Lei,Votada
PCP,G,Solo,2024-04-29,263638,Projeto de Lei,Votada
PCP,G,Solo,2024-04-29,263639,Projeto de Lei,Não Votada
PCP,G,Solo,2024-05-03,263652,Projeto de Lei,Votada
PCP,G,Solo,2024-05-08,263675,Projeto de Lei,Não Votada
PCP,G,Solo,2024-05-08,263676,Projeto de Lei,Não Votada
PCP,G,Solo,2024-05-08,263677,Projeto de Lei,Não Votada
PCP,G,Solo,2024-05-08,263697,Projeto de Lei,Não Votada
PCP,G,Solo,2024-05-08,263698,Projeto de Lei,Não Votada
PCP,G,Solo,2024-05-08,263699,Projeto de Lei,Não Votada
PCP,G,Solo,2024-05-08,263700,Projeto de Lei,Não Votada
PCP,G,Solo,2024-05-08,263701,Projeto de Lei,Não Votada
PCP,G,Solo,2024-05-08,263702,Projeto de Resolução,Não Votada
PCP,G,Solo,2024-05-08,263703,Projeto de Lei,Não Votada
PCP,G,Solo,2024-05-10,263718,Projeto de Resolução,Votada
PCP,G,Solo,2024-05-10,263719,Projeto de Resolução,Votada
PCP,G,Solo,2024-05-10,263721,Projeto de Resolução,Votada
PCP,G,Solo,2024-05-13,263727,Projeto de Resolução,Votada
PCP,G,Solo,2024-05-17,263738,Projeto de Resolução,Votada
PCP,G,Solo,2024-05-17,263743,Projeto de Lei,Votada
PCP,G,Solo,2024-05-17,263744,Projeto de Lei,Não Votada
PCP,G,Solo,2024-05-17,263745,Projeto de Resolução,Votada
PCP,G,Solo,2024-05-17,263747,Projeto de Lei,Votada
PCP,G,Solo,2024-05-20,263760,Projeto de Lei,Não Votada
PCP,G,Solo,2024-05-20,263761,Projeto de Lei,Não Votada
PCP,G,Solo,2024-05-20,263762,Projeto de Lei,Não Votada
PCP,G,Solo,2024-05-23,263768,Projeto de Resolução,Não Votada
PCP,G,Solo,2024-05-29,263786,Projeto de Resolução,Votada
PCP,G,Solo,2024-05-29,263788,Projeto de Resolução,Votada
PCP,G,Solo,2024-05-31,263789,Projeto de Lei,Não Votada
PCP,G,Solo,2024-05-31,263790,Projeto de Lei,Não Votada
PCP,G,Solo,2024-06-03,263801,Projeto de Lei,Votada
PCP,G,Solo,2024-06-03,263802,Projeto de Resolução,Votada
PCP,G,Solo,2024-06-03,263803,Projeto de Lei,Não Votada
PCP,G,Solo,2024-06-07,263826,Projeto de Resolução,Não Votada
PCP,G,Solo,2024-06-07,263827,Projeto de Resolução,Não Votada
PCP,G,Solo,2024-06-11,263832,Projeto de Lei,Não Votada
PCP,G,Solo,2024-06-20,263858,Projeto de Resolução,Votada
PCP,G,Solo,2024-06-28,263877,Projeto de Resolução,Votada
PCP,G,Solo,2024-07-09,273914,Projeto de Resolução,Votada
PCP,G,Solo,2024-07-11,273921,Projeto de Lei,Votada
PCP,G,Solo,2024-07-11,273922,Projeto de Lei,Votada
PCP,G,Solo,2024-07-12,273936,Projeto de Resolução,Votada
PCP,G,Solo,2024-07-15,273942,Projeto de Resolução,Não Votada
PCP,G,Solo,2024-09-11,284026,Projeto de Resolução,Não Votada
PCP,G,Solo,2024-09-11,284027,Projeto de Resolução,Não Votada
PCP,G,Solo,2024-09-11,284028,Projeto de Resolução,Não Votada
PCP,G,Solo,2024-09-12,284030,Projeto de Lei,Não Votada
PCP,G,Solo,2024-09-12,284031,Projeto de Lei,Não Votada
PCP,G,Solo,2024-09-12,284032,Projeto de Lei,Não Votada
PCP,G,Solo,2024-09-13,284033,Projeto de Lei,Não Votada
PCP,G,Solo,2024-09-13,284034,Projeto de Lei,Não Votada
PCP,G,Solo,2024-09-13,284035,Projeto de Lei,Não Votada
PCP,G,Solo,2024-09-13,284036,Projeto de Resolução,Votada
PCP,G,Solo,2024-09-13,284039,Projeto de Resolução,Votada
PCP,G,Solo,2024-09-13,284042,Projeto de Lei,Não Votada
PCP,G,Solo,2024-09-13,284073,Projeto de Lei,Votada
PCP,G,Solo,2024-09-13,284074,Projeto de Resolução,Votada
PCP,G,Solo,2024-09-13,284075,Projeto de Resolução,Votada
PCP,G,Solo,2024-09-20,284090,Projeto de Resolução,Não Votada
PCP,G,Solo,2024-09-26,294116,Projeto de Resolução,Não Votada
PCP,G,Solo,2024-09-27,294126,Projeto de Lei,Votada
PCP,G,Solo,2024-09-27,294130,Projeto de Lei,Votada
PCP,G,Solo,2024-09-27,304139,Projeto de Resolução,Votada
PCP,G,Solo,2024-09-30,304141,Projeto de Resolução,Não Votada
PCP,G,Solo,2024-10-01,304153,Projeto de Lei,Votada
PCP,G,Solo,2024-10-04,304182,Projeto de Resolução,Votada
PCP,G,Solo,2024-10-04,304187,Projeto de Resolução,Votada
PCP,G,Solo,2024-10-04,304188,Projeto de Resolução,Não Votada
PCP,G,Solo,2024-10-04,304189,Projeto de Resolução,Votada
PCP,G,Solo,2024-10-04,304190,Projeto de Lei,Votada
PCP,G,Solo,2024-10-04,304191,Projeto de Lei,Votada
PCP,G,Solo,2024-10-04,304192,Projeto de Lei,Votada
PCP,G,Solo,2024-10-04,304193,Projeto de Resolução,Votada
PCP,G,Solo,2024-10-04,304194,Projeto de Resolução,Votada
PCP,G,Solo,2024-10-07,304215,Projeto de Resolução,Não Votada
PCP,G,Solo,2024-10-11,304239,Projeto de Resolução,Votada
PCP,G,Solo,2024-10-16,304268,Projeto de Resolução,Votada
PCP,G,Solo,2024-10-18,304275,Projeto de Resolução,Votada
PCP,G,Solo,2024-10-28,304302,Projeto de Resolução,Votada
PCP,G,Solo,2024-11-20,304330,Projeto de Resolução,Votada
PCP,G,Solo,2024-11-22,304350,Projeto de Resolução,Votada
PCP,G,Solo,2024-12-03,304369,Projeto de Lei,Não Votada
PCP,G,Solo,2024-12-04,304373,Projeto de Resolução,Votada
PCP,G,Solo,2024-12-06,304383,Projeto de Lei,Votada
PCP,G,Solo,2024-12-06,304384,Projeto de Lei,Votada
PCP,G,Solo,2024-12-09,314398,Projeto de Resolução,Votada
PCP,G,Solo,2024-12-12,314412,Projeto de Resolução,Votada
PCP,G,Solo,2024-12-16,314428,Projeto de Resolução,Não Votada
PCP,G,Solo,2024-12-18,314436,Projeto de Lei,Não Votada
PCP,G,Solo,2024-12-18,314437,Projeto de Resolução,Votada
PCP,G,Solo,2025-01-03,314466,Projeto de Resolução,Votada
PCP,G,Solo,2025-01-03,314467,Projeto de Lei,Votada
PCP,G,Solo,2025-01-03,314471,Projeto de Lei,Não Votada
PCP,G,Solo,2025-01-10,314499,Projeto de Resolução,Votada
PCP,G,Solo,2025-01-10,314501,Projeto de Resolução,Votada
PCP,G,Solo,2025-01-14,314566,Projeto de Resolução,Votada
PCP,G,Solo,2025-01-16,314574,Projeto de Resolução,Não Votada
PCP,G,Solo,2025-01-17,314575,Projeto de Resolução,Votada
PCP,G,Solo,2025-01-20,314601,Projeto de Lei,Não Votada
PCP,G,Solo,2025-01-20,314602,Projeto de Lei,Não Votada
PCP,G,Solo,2025-01-22,314612,Projeto de Resolução,Não Votada
PCP,G,Solo,2025-01-24,314641,Projeto de Resolução,Votada
PCP,G,Solo,2025-01-24,314643,Projeto de Resolução,Votada
PCP,G,Solo,2025-01-28,314663,Projeto de Lei,Não Votada
PCP,G,Solo,2025-01-31,314686,Projeto de Resolução,Não Votada
PCP,G,Solo,2025-02-06,314723,Projeto de Lei,Votada
PCP,G,Solo,2025-02-06,314725,Projeto de Lei,Votada
PCP,G,Solo,2025-02-06,314726,Projeto de Lei,Votada
PCP,G,Solo,2025-02-06,314727,Projeto de Lei,Votada
PCP,G,Solo,2025-02-06,314728,Projeto de Resolução,Não Votada
PCP,G,Solo,2025-02-07,314733,Projeto de Resolução,Não Votada
PCP,G,Solo,2025-02-07,314734,Projeto de Resolução,Não Votada
PCP,G,Solo,2025-02-07,314736,Projeto de Resolução,Não Votada
PCP,G,Solo,2025-02-07,314738,Projeto de Resolução,Votada
PCP,G,Solo,2025-02-21,314855,Projeto de Resolução,Não Votada
PCP,G,Solo,2025-02-21,314860,Projeto de Resolução,Votada
PCP,G,Solo,2025-02-21,314861,Projeto de Lei,Não Votada
PCP,G,Solo,2025-02-21,314862,Projeto de Resolução,Votada
PCP,G,Solo,2025-02-21,314864,Projeto de Lei,Votada
PCP,G,Solo,2025-02-21,314865,Projeto de Resolução,Votada
PCP,G,Solo,2025-02-21,314876,Projeto de Lei,Votada
PCP,G,Solo,2025-02-25,314895,Projeto de Resolução,Não Votada
PCP,G,Solo,2025-02-25,314896,Projeto de Resolução,Não Votada
PCP,G,Solo,2025-02-25,314897,Projeto de Lei,Não Votada
PCP,G,Solo,2025-02-25,314898,Projeto de Lei,Não Votada
PCP,G,Solo,2025-02-25,314899,Projeto de Lei,Não Votada
PCP,G,Solo,2025-02-25,314900,Projeto de Lei,Não Votada
PCP,G,Solo,2025-02-25,314901,Projeto de Lei,Não Votada
PCP,G,Solo,2025-02-27,314910,Projeto de Resolução,Votada
PCP,G,Solo,2025-02-28,314913,Projeto de Resolução,Não Votada
PCP,G,Solo,2025-02-28,314914,Projeto de Resolução,Não Votada
PCP,G,Solo,2025-02-28,314928,Projeto de Lei,Não Votada
PCP,G,Solo,2025-03-06,314955,Projeto de Lei,Não Votada
PCP,G,Solo,2025-03-06,314956,Projeto de Lei,Não Votada
PCP,G,Solo,2025-03-07,314963,Projeto de Lei,Não Votada
PCP,G,Solo,2025-03-07,314964,Projeto de Resolução,Não Votada
PCP,G,Solo,2025-03-07,314965,Projeto de Resolução,Não Votada
PCP,G,Solo,2025-03-11,314997,Projeto de Resolução,Não Votada
PCP,G,Solo,2025-03-11,314998,Projeto de Lei,Não Votada
PCP,G,Solo,2025-03-11,314999,Projeto de Lei,Não Votada
PCP,G,Solo,2025-03-11,315000,Projeto de Lei,Não Votada
PCP,G,Solo,2025-03-11,315001,Projeto de Resolução,Não Votada
PCP,G,Solo,2025-03-11,315002,Projeto de Lei,Não Votada
PS,G,Solo,2024-04-15,263588,Projeto de Resolução,Não Votada
PS,G,Solo,2024-04-22,263610,Projeto de Lei,Votada
PS,G,Solo,2024-04-22,263613,Projeto de Lei,Votada
PS,G,Solo,2024-04-26,263636,Projeto de Resolução,Votada
PS,G,Solo,2024-05-03,263653,Projeto de Lei,Votada
PS,G,Solo,2024-05-09,263708,Projeto de Lei,Não Votada
PS,G,Solo,2024-05-13,263726,Projeto de Lei,Votada
PS,G,Solo,2024-05-14,263729,Projeto de Lei,Votada
PS,G,Solo,2024-06-13,263834,Projeto de Resolução,Votada
PS,G,Solo,2024-06-13,263835,Projeto de Resolução,Votada
PS,G,Solo,2024-06-13,263836,Projeto de Lei,Votada
PS,G,Solo,2024-06-13,263837,Projeto de Lei,Não Votada
PS,G,Solo,2024-06-14,263838,Projeto de Resolução,Votada
PS,G,Solo,2024-06-14,263839,Projeto de Resolução,Votada
PS,G,Solo,2024-06-19,263855,Apreciação Parlamentar,Não Votada
PS,G,Solo,2024-06-23,263866,Projeto de Resolução,Votada
PS,G,Solo,2024-06-28,263890,Projeto de Resolução,Votada
PS,G,Solo,2024-07-01,273895,Projeto de Resolução,Votada
PS,G,Solo,2024-07-01,273896,Projeto de Resolução,Votada
PS,G,Solo,2024-07-01,273898,Projeto de Resolução,Votada
PS,G,Solo,2024-07-03,273902,Projeto de Resolução,Votada
PS,G,Solo,2024-07-03,273903,Projeto de Lei,Não Votada
PS,G,Solo,2024-07-03,273904,Projeto de Lei,Votada
PS,G,Solo,2024-07-07,273909,Projeto de Resolução,Não Votada
PS,G,Solo,2024-09-13,284044,Projeto de Lei,Não Votada
PS,G,Solo,2024-09-13,284072,Projeto de Resolução,Votada
PS,G,Solo,2024-09-16,284077,Projeto de Resolução,Votada
PS,G,Solo,2024-09-17,284079,Projeto de Resolução,Não Votada
PS,G,Solo,2024-09-27,294119,Projeto de Resolução,Votada
PS,G,Solo,2024-09-27,294120,Projeto de Resolução,Não Votada
PS,G,Solo,2024-09-27,294123,Projeto de Resolução,Não Votada
PS,G,Solo,2024-09-27,294124,Projeto de Resolução,Não Votada
PS,G,Solo,2024-09-27,294125,Projeto de Resolução,Votada
PS,G,Solo,2024-09-27,294133,Projeto de Lei,Votada
PS,G,Solo,2024-09-27,294141,Projeto de Resolução,Votada
PS,G,Solo,2024-09-27,294142,Projeto de Resolução,Votada
PS,G,Solo,2024-09-27,294144,Projeto de Lei,Não Votada
PS,G,Solo,2024-09-27,294145,Projeto de Lei,Não Votada
PS,G,Solo,2024-09-27,294146,Projeto de Lei,Não Votada
PS,G,Solo,2024-09-27,294147,Projeto de Lei,Votada
PS,G,Solo,2024-09-30,304140,Projeto de Lei,Não Votada
PS,G,Solo,2024-10-01,304145,Projeto de Resolução,Votada
PS,G,Solo,2024-10-01,304146,Projeto de Resolução,Votada
PS,G,Solo,2024-10-01,304150,Projeto de Lei,Não Votada
PS,G,Solo,2024-10-02,304174,Projeto de Resolução,Não Votada
PS,G,Solo,2024-10-02,304175,Projeto de Resolução,Não Votada
PS,G,Solo,2024-10-02,304177,Projeto de Resolução,Não Votada
PS,G,Solo,2024-10-04,304209,Projeto de Resolução,Não Votada
PS,G,Solo,2024-10-04,304210,Projeto de Resolução,Não Votada
PS,G,Solo,2024-10-08,304221,Apreciação Parlamentar,Não Votada
PS,G,Solo,2024-10-10,304234,Projeto de Lei,Votada
PS,G,Solo,2024-10-15,304261,Projeto de Resolução,Não Votada
PS,G,Solo,2024-10-22,304289,Projeto de Resolução,Votada
PS,G,Solo,2024-10-24,304294,Projeto de Resolução,Votada
PS,G,Solo,2024-10-25,304296,Apreciação Parlamentar,Não Votada
PS,G,Solo,2024-10-27,304298,Projeto de Resolução,Votada
PS,G,Solo,2024-10-27,304300,Projeto de Resolução,Não Votada
PS,G,Solo,2024-11-04,304311,Projeto de Resolução,Votada
PS,G,Solo,2024-11-22,304331,Projeto de Resolução,Votada
PS,G,Solo,2024-11-22,304357,Apreciação Parlamentar,Não Votada
PS,G,Solo,2024-11-29,304363,Projeto de Resolução,Votada
PS,G,Solo,2024-12-02,304364,Projeto de Lei,Não Votada
PS,G,Solo,2024-12-02,304365,Projeto de Lei,Não Votada
PS,G,Solo,2024-12-12,314408,Projeto de Resolução,Não Votada
PS,G,Solo,2024-12-13,314418,Projeto de Resolução,Votada
PS,G,Solo,2024-12-13,314419,Projeto de Resolução,Votada
PS,G,Solo,2024-12-17,314430,Projeto de Resolução,Votada
PS,G,Solo,2025-01-02,314457,Apreciação Parlamentar,Não Votada
PS,G,Solo,2025-01-05,314481,Projeto de Lei,Não Votada
PS,G,Solo,2025-01-06,314482,Projeto de Resolução,Votada
PS,G,Solo,2025-01-06,314483,Projeto de Lei,Não Votada
PS,G,Solo,2025-01-10,314522,Projeto de Lei,Votada
PS,G,Solo,2025-01-10,314527,Projeto de Resolução,Votada
PS,G,Solo,2025-01-10,314528,Projeto de Resolução,Votada
PS,G,Solo,2025-01-10,314531,Projeto de Resolução,Votada
PS,G,Solo,2025-01-10,314534,Projeto de Resolução,Votada
PS,G,Solo,2025-01-13,314563,Projeto de Resolução,Votada
PS,G,Solo,2025-01-17,314580,Projeto de Resolução,Votada
PS,G,Solo,2025-01-17,314582,Projeto de Resolução,Votada
PS,G,Solo,2025-01-17,314596,Projeto de Lei,Votada
PS,G,Solo,2025-01-20,314604,Projeto de Resolução,Não Votada
PS,G,Solo,2025-01-22,314611,Projeto de Resolução,Votada
PS,G,Solo,2025-01-23,314614,Projeto de Resolução,Votada
PS,G,Solo,2025-01-26,314651,Projeto de Resolução,Votada
PS,G,Solo,2025-01-27,314660,Projeto de Resolução,Votada
PS,G,Solo,2025-02-02,314688,Projeto de Resolução,Votada
PS,G,Solo,2025-02-04,314699,Projeto de Resolução,Não Votada
PS,G,Solo,2025-02-07,314786,Projeto de Resolução,Votada
PS,G,Solo,2025-02-07,314787,Projeto de Lei,Votada
PS,G,Solo,2025-02-07,314788,Projeto de Lei,Votada
PS,G,Solo,2025-02-10,314789,Projeto de Lei,Votada
PS,G,Solo,2025-02-11,314810,Projeto de Resolução,Votada
PS,G,Solo,2025-02-11,314811,Projeto de Resolução,Não Votada
PS,G,Solo,2025-02-11,314815,Projeto de Resolução,Votada
PS,G,Solo,2025-02-11,314817,Projeto de Lei,Não Votada
PS,G,Solo,2025-02-19,314847,Projeto de Resolução,Não Votada
PS,G,Solo,2025-02-20,314849,Projeto de Resolução,Não Votada
PS,G,Solo,2025-02-27,314909,Projeto de Resolução,Não Votada
PS,G,Solo,2025-02-28,314920,Projeto de Resolução,Não Votada
PS,G,Solo,2025-02-28,314924,Projeto de Lei,Não Votada
PS,G,Solo,2025-02-28,314927,Projeto de Lei,Não Votada
PS,G,Solo,2025-03-02,314929,Projeto de Resolução,Não Votada
PS,G,Solo,2025-03-02,314931,Projeto de Resolução,Não Votada
PS,G,Solo,2025-03-02,314932,Projeto de Resolução,Votada
PS,G,Solo,2025-03-04,314946,Projeto de Resolução,Não Votada
PS,G,Solo,2025-03-04,314947,Projeto de Lei,Não Votada
PS,G,Solo,2025-03-10,314981,Inquérito Parlamentar,Não Votada
PS,G,Solo,2025-03-13,315022,Projeto de Lei,Não Votada
PS,G,Solo,2025-03-13,315023,Projeto de Lei,Não Votada
PS,G,Solo,2025-03-13,315024,Projeto de Lei,Não Votada
PS,G,Solo,2025-03-13,315025,Projeto de Lei,Não Votada
"PS, L",G,Iniciativa Cojunta,2025-02-28,314926,Projeto de Resolução,Votada
PSD,G,Solo,2024-04-12,263567,Projeto de Resolução,Votada
PSD,G,Solo,2024-04-29,263640,Projeto de Resolução,Votada
PSD,G,Solo,2024-05-02,263646,Projeto de Resolução,Votada
PSD,G,Solo,2024-05-07,263665,Projeto de Resolução,Não Votada
PSD,G,Solo,2024-05-29,263785,Projeto de Resolução,Votada
PSD,G,Solo,2024-06-19,263852,Projeto de Resolução,Votada
PSD,G,Solo,2024-06-19,263854,Projeto de Lei,Não Votada
PSD,G,Solo,2024-06-20,263857,Projeto de Resolução,Não Votada
PSD,G,Solo,2024-07-03,273901,Projeto de Resolução,Votada
PSD,G,Solo,2024-07-08,273911,Projeto de Resolução,Não Votada
PSD,G,Solo,2024-07-10,273917,Projeto de Lei,Votada
PSD,G,Solo,2024-07-10,273918,Projeto de Resolução,Votada
PSD,G,Solo,2024-07-17,273950,Projeto de Resolução,Não Votada
PSD,G,Solo,2024-09-24,294107,Projeto de Resolução,Votada
PSD,G,Solo,2024-10-04,304179,Projeto de Resolução,Votada
PSD,G,Solo,2024-10-17,304272,Projeto de Resolução,Votada
PSD,G,Solo,2024-10-18,304274,Projeto de Resolução,Votada
PSD,G,Solo,2024-10-21,304279,Projeto de Resolução,Votada
PSD,G,Solo,2024-11-12,304320,Projeto de Lei,Votada
PSD,G,Solo,2024-11-12,304322,Projeto de Lei,Votada
PSD,G,Solo,2024-11-12,304323,Projeto de Resolução,Votada
PSD,G,Solo,2024-11-12,304324,Projeto de Resolução,Não Votada
PSD,G,Solo,2024-11-12,304325,Projeto de Resolução,Votada
PSD,G,Solo,2024-12-04,304375,Projeto de Resolução,Votada
PSD,G,Solo,2024-12-05,304380,Projeto de Lei,Não Votada
PSD,G,Solo,2024-12-10,314404,Projeto de Resolução,Não Votada
PSD,G,Solo,2024-12-11,314406,Projeto de Resolução,Votada
PSD,G,Solo,2024-12-12,314414,Projeto de Resolução,Não Votada
PSD,G,Solo,2024-12-12,314415,Projeto de Resolução,Não Votada
PSD,G,Solo,2024-12-16,314427,Projeto de Resolução,Votada
PSD,G,Solo,2025-01-09,314489,Projeto de Lei,Não Votada
PSD,G,Solo,2025-01-10,314492,Projeto de Resolução,Votada
PSD,G,Solo,2025-01-10,314495,Projeto de Lei,Votada
PSD,G,Solo,2025-01-10,314544,Projeto de Lei,Não Votada
PSD,G,Solo,2025-01-22,314610,Projeto de Lei,Votada
PSD,G,Solo,2025-01-28,314664,Projeto de Resolução,Votada
PSD,G,Solo,2025-01-28,314665,Projeto de Resolução,Não Votada
PSD,G,Solo,2025-01-28,314666,Projeto de Resolução,Votada
PSD,G,Solo,2025-01-28,314667,Projeto de Resolução,Não Votada
PSD,G,Solo,2025-01-28,314668,Projeto de Resolução,Não Votada
PSD,G,Solo,2025-01-28,314669,Projeto de Resolução,Não Votada
PSD,G,Solo,2025-02-05,314715,Projeto de Resolução,Não Votada
PSD,G,Solo,2025-02-07,314735,Projeto de Resolução,Votada
PSD,G,Solo,2025-02-07,314742,Projeto de Resolução,Votada
PSD,G,Solo,2025-02-07,314785,Projeto de Lei,Votada
PSD,G,Solo,2025-02-12,314825,Projeto de Resolução,Não Votada
PSD,G,Solo,2025-02-18,314839,Projeto de Resolução,Votada
PSD,G,Solo,2025-02-21,314854,Projeto de Resolução,Não Votada
PSD,G,Solo,2025-03-12,315005,Projeto de Resolução,Não Votada
"PSD, CDS-PP",G,Iniciativa Cojunta,2024-04-26,263631,Projeto de Resolução,Votada
"PSD, CDS-PP",G,Iniciativa Cojunta,2024-05-03,263658,Projeto de Resolução,Votada
"PSD, CDS-PP",G,Iniciativa Cojunta,2024-05-08,263674,Projeto de Resolução,Não Votada
"PSD, CDS-PP",G,Iniciativa Cojunta,2024-05-17,263749,Projeto de Lei,Não Votada
"PSD, CDS-PP",G,Iniciativa Cojunta,2024-05-17,263750,Projeto de Lei,Não Votada
"PSD, CDS-PP",G,Iniciativa Cojunta,2024-06-20,263859,Projeto de Resolução,Não Votada
"PSD, CDS-PP",G,Iniciativa Cojunta,2024-09-24,294099,Projeto de Resolução,Votada
"PSD, CDS-PP",G,Iniciativa Cojunta,2024-09-26,294117,Projeto de Lei,Não Votada
"PSD, CDS-PP",G,Iniciativa Cojunta,2024-09-26,294118,Projeto de Lei,Não Votada
"PSD, CDS-PP",G,Iniciativa Cojunta,2024-10-09,304227,Projeto de Lei,Não Votada
"PSD, CDS-PP",G,Iniciativa Cojunta,2024-10-09,304228,Projeto de Lei,Não Votada
"PSD, CDS-PP",G,Iniciativa Cojunta,2024-12-12,314413,Projeto de Lei,Votada
"PSD, CDS-PP",G,Iniciativa Cojunta,2025-02-07,314776,Projeto de Resolução,Não Votada
"PSD, CDS-PP",G,Iniciativa Cojunta,2025-02-21,314852,Projeto de Resolução,Votada
"PSD, CDS-PP",G,Iniciativa Cojunta,2025-02-21,314859,Projeto de Lei,Não Votada
"PSD, CDS-PP",G,Iniciativa Cojunta,2025-02-25,314902,Projeto de Lei,Não Votada
"PSD, CDS-PP",G,Iniciativa Cojunta,2025-02-27,314907,Projeto de Resolução,Não Votada
"PSD, PS, CH, IL, BE, PCP, L, CDS-PP",G,Iniciativa Cojunta,2024-03-26,263482,Projeto de Resolução,Não Votada
"PSD, PS, CH, IL, BE, PCP, L, CDS-PP",G,Iniciativa Cojunta,2024-05-24,263770,Projeto de Lei,Votada
R,R,Solo,2024-04-05,263544,Projeto de Resolução,Não Votada
R,R,Solo,2024-04-12,263563,Projeto de Deliberação,Não Votada
R,R,Solo,2024-04-12,263564,Projeto de Resolução,Não Votada
R,R,Solo,2024-04-17,263597,Projeto de Deliberação,Não Votada
R,R,Solo,2024-04-24,263617,Projeto de Resolução,Votada
R,R,Solo,2024-06-05,263821,Projeto de Deliberação,Não Votada
R,R,Solo,2024-06-06,263819,Projeto de Resolução,Não Votada
R,R,Solo,2024-06-07,263829,Projeto de Deliberação,Não Votada
R,R,Solo,2024-06-18,263849,Projeto de Resolução,Não Votada
R,R,Solo,2024-06-25,263873,Projeto de Resolução,Votada
R,R,Solo,2024-07-05,273908,Projeto de Resolução,Votada
R,R,Solo,2024-07-11,273923,Projeto de Resolução,Votada
R,R,Solo,2024-07-12,273939,Projeto de Resolução,Votada
R,R,Solo,2024-07-18,273956,Projeto de Deliberação,Votada
R,R,Solo,2024-07-23,273961,Projeto de Deliberação,Não Votada
R,R,Solo,2024-08-06,283992,Projeto de Resolução,Votada
R,R,Solo,2024-08-08,283993,Projeto de Resolução,Não Votada
R,R,Solo,2024-08-28,284002,Projeto de Resolução,Votada
R,R,Solo,2024-09-10,284023,Projeto de Resolução,Não Votada
R,R,Solo,2024-09-11,284025,Projeto de Deliberação,Votada
R,R,Solo,2024-09-17,284085,Projeto de Deliberação,Votada
R,R,Solo,2024-10-01,304151,Projeto de Resolução,Votada
R,R,Solo,2024-10-01,304152,Projeto de Resolução,Votada
R,R,Solo,2024-10-14,304258,Projeto de Deliberação,Votada
R,R,Solo,2024-10-14,304259,Projeto de Resolução,Não Votada
R,R,Solo,2024-10-14,304260,Projeto de Deliberação,Não Votada
R,R,Solo,2024-10-23,304291,Projeto de Resolução,Não Votada
R,R,Solo,2024-10-24,304292,Projeto de Resolução,Não Votada
R,R,Solo,2024-10-29,304304,Projeto de Resolução,Não Votada
R,R,Solo,2024-11-14,304327,Projeto de Deliberação,Não Votada
R,R,Solo,2024-11-29,304362,Projeto de Resolução,Votada
R,R,Solo,2024-12-04,304374,Projeto de Deliberação,Não Votada
R,R,Solo,2024-12-04,304376,Projeto de Resolução,Não Votada
R,R,Solo,2024-12-10,314403,Projeto de Resolução,Não Votada
R,R,Solo,2024-12-17,314433,Projeto de Resolução,Votada
R,R,Solo,2025-01-03,314461,Projeto de Resolução,Votada
R,R,Solo,2025-01-10,314491,Projeto de Deliberação,Não Votada
R,R,Solo,2025-01-24,314618,Projeto de Resolução,Votada
R,R,Solo,2025-01-30,314678,Projeto de Resolução,Votada
R,R,Solo,2025-01-30,314680,Projeto de Resolução,Votada
R,R,Solo,2025-02-07,314743,Projeto de Resolução,Votada
R,R,Solo,2025-02-18,314840,Projeto de Resolução,Votada
R,R,Solo,2025-02-20,314850,Projeto de Deliberação,Não Votada
R,R,Solo,2025-02-26,314903,Projeto de Resolução,Não Votada
R,R,Solo,2025-03-05,314951,Projeto de Resolução,Votada
R,R,Solo,2025-03-05,314952,Projeto de Resolução,Votada
R,R,Solo,2025-03-06,314953,Projeto de Resolução,Votada
R,R,Solo,2025-03-12,315006,Projeto de Resolução,Votada
V,V,Solo,2024-04-19,263602,Proposta de Lei,Votada
V,V,Solo,2024-05-31,263800,Proposta de Lei,Votada
V,V,Solo,2024-06-03,263808,Proposta de Lei,Votada
V,V,Solo,2024-06-03,263809,Proposta de Lei,Não Votada
V,V,Solo,2024-06-03,263810,Proposta de Lei,Votada
V,V,Solo,2024-07-02,273900,Proposta de Lei,Votada
V,V,Solo,2024-07-11,273925,Proposta de Lei,Votada
V,V,Solo,2024-07-11,273926,Proposta de Lei,Não Votada
V,V,Solo,2024-09-06,284012,Proposta de Lei,Votada
V,V,Solo,2024-09-06,284013,Proposta de Lei,Votada
V,V,Solo,2024-09-06,284014,Proposta de Lei,Votada
V,V,Solo,2024-09-09,284017,Proposta de Lei,Votada
V,V,Solo,2024-09-11,284024,Proposta de Lei,Votada
V,V,Solo,2024-09-27,294131,Proposta de Lei,Não Votada
V,V,Solo,2024-10-08,304223,Proposta de Lei,Votada
V,V,Solo,2024-10-10,304233,Proposta de Lei,Votada
V,V,Solo,2024-10-10,304237,Proposta de Lei,Votada
V,V,Solo,2024-10-25,304299,Proposta de Lei,Votada
V,V,Solo,2024-10-31,304310,Proposta de Lei,Votada
V,V,Solo,2024-11-04,304312,Proposta de Lei,Votada
V,V,Solo,2024-11-28,304359,Proposta de Lei,Votada
V,V,Solo,2024-11-28,304360,Proposta de Lei,Votada
V,V,Solo,2024-12-10,314405,Proposta de Resolução,Votada
V,V,Solo,2024-12-18,314434,Proposta de Lei,Votada
V,V,Solo,2024-12-18,314435,Proposta de Lei,Votada
V,V,Solo,2025-01-24,314619,Proposta de Resolução,Votada
V,V,Solo,2025-01-30,314677,Proposta de Lei,Votada
V,V,Solo,2025-02-03,314698,Proposta de Lei,Não Votada
V,V,Solo,2025-02-11,314816,Proposta de Lei,Não Votada
V,V,Solo,2025-02-25,314894,Proposta de Lei,Não Votada
V,V,Solo,2025-03-03,314940,Proposta de Lei,Não Votada
V,V,Solo,2025-03-03,314941,Proposta de Lei,Não Votada
V,V,Solo,2025-03-03,314942,Proposta de Resolução,Não Votada
V,V,Solo,2025-03-05,314949,Proposta de Resolução,Não Votada
V,V,Solo,2025-03-05,314950,Proposta de Resolução,Não Votada
Z,Z,Solo,2024-07-01,273897,Projeto de Lei,Não Votada
